,0,1,2,3,4,5,6,7,Survived
0,-1.6141360232496715,1.2292074738512286,-0.47072241016576966,-0.47934163551176356,-0.07868358202862298,1.0,0.0,1.0,0
1,-0.40055117789194583,-0.5035051361280592,-0.47072241016576966,-0.47934163551176356,-0.3771449401344324,1.0,0.0,1.0,0
2,0.8130336674657798,0.18957990786365592,-0.47072241016576966,-0.47934163551176356,-0.4748669654497216,1.0,0.0,1.0,0
3,0.8130336674657798,-0.2724767881308208,0.3799231635348091,-0.47934163551176356,-0.476230259911263,1.0,0.0,1.0,0
4,0.8130336674657798,-1.8126657747790766,2.931859884636545,2.048741656965093,-0.02524937114193778,0.0,0.0,1.0,0
5,-1.6141360232496715,-0.4264956867956464,-0.47072241016576966,0.7847000107266648,4.138687090321111,1.0,0.0,0.0,0
6,-1.6141360232496715,1.1907027491850222,-0.47072241016576966,-0.47934163551176356,-0.11623194643548287,1.0,0.0,1.0,0
7,-0.40055117789194583,-0.04144844013358247,0.3799231635348091,-0.47934163551176356,-0.09368752333417438,1.0,0.0,0.0,0
8,0.8130336674657798,0.012390224884989386,-0.47072241016576966,-0.47934163551176356,-0.47542922813724997,1.0,0.0,1.0,0
9,-1.6141360232496715,0.012390224884989386,-0.47072241016576966,-0.47934163551176356,0.056105418406258684,1.0,0.0,1.0,1
10,-0.40055117789194583,0.9596744011877838,-0.47072241016576966,-0.47934163551176356,-0.3771449401344324,0.0,0.0,1.0,1
11,0.8130336674657798,0.4976177051933071,0.3799231635348091,0.7847000107266648,-0.16244531801315662,1.0,0.0,1.0,0
12,-0.40055117789194583,0.2665893571960687,-0.47072241016576966,-0.47934163551176356,-0.39110522946518805,1.0,0.0,1.0,0
13,0.8130336674657798,-0.965561832122536,0.3799231635348091,-0.47934163551176356,-0.4916347171038209,1.0,0.0,1.0,0
14,0.8130336674657798,-0.04144844013358247,-0.47072241016576966,-0.47934163551176356,-0.44453944035187326,1.0,0.0,1.0,1
15,-0.40055117789194583,1.5757499958470862,-0.47072241016576966,0.7847000107266648,-0.12682251075536644,0.0,0.0,1.0,1
16,-1.6141360232496715,0.4206082558608943,0.3799231635348091,-0.47934163551176356,1.105534064649266,0.0,0.0,1.0,1
17,-1.6141360232496715,0.6516366038581327,-0.47072241016576966,-0.47934163551176356,3.7536565339074235,0.0,0.0,0.0,1
18,-0.40055117789194583,0.3435988065284815,-0.47072241016576966,-0.47934163551176356,-0.3771449401344324,1.0,0.0,1.0,0
19,-1.6141360232496715,-0.965561832122536,0.3799231635348091,-0.47934163551176356,0.4701002054562524,0.0,0.0,1.0,1
20,0.8130336674657798,-1.4276185281170128,2.931859884636545,2.048741656965093,-0.02524937114193778,0.0,0.0,1.0,0
21,0.8130336674657798,2.4228539385036267,-0.47072241016576966,-0.47934163551176356,-0.5073607423402734,1.0,0.0,1.0,0
22,0.8130336674657798,0.035561009198830325,-0.47072241016576966,-0.47934163551176356,-0.4606659814753323,0.0,0.0,1.0,0
23,-0.40055117789194583,-1.735656325446664,-0.47072241016576966,2.048741656965093,-0.1220086178826921,0.0,0.0,1.0,1
24,0.8130336674657798,2.5768728371684526,-0.47072241016576966,-0.47934163551176356,-0.4428545778464372,0.0,0.0,1.0,1
25,0.8130336674657798,-0.7345334841252976,-0.47072241016576966,-0.47934163551176356,-0.4882649920929489,1.0,0.0,0.0,1
26,0.8130336674657798,0.012390224884989386,-0.47072241016576966,2.048741656965093,-0.1969455254530391,0.0,0.0,0.0,1
27,0.8130336674657798,-0.04144844013358247,-0.47072241016576966,-0.47934163551176356,-0.44486100839576787,1.0,0.0,1.0,0
28,-1.6141360232496715,0.4976177051933071,0.3799231635348091,2.048741656965093,1.6832012093701876,1.0,0.0,1.0,1
29,0.8130336674657798,0.012390224884989386,-0.47072241016576966,-0.47934163551176356,-0.3490645402295484,1.0,0.0,0.0,0
30,0.8130336674657798,1.5757499958470862,-0.47072241016576966,-0.47934163551176356,-0.4724600190133844,1.0,0.0,1.0,0
31,-1.6141360232496715,-0.19546733879840805,-0.47072241016576966,2.048741656965093,3.445086000768998,1.0,0.0,0.0,0
32,0.8130336674657798,0.035561009198830325,-0.47072241016576966,-0.47934163551176356,-0.48786447620594237,1.0,0.0,1.0,0
33,-1.6141360232496715,0.2665893571960687,0.3799231635348091,-0.47934163551176356,1.105534064649266,0.0,1.0,0.0,1
34,0.8130336674657798,0.012390224884989386,-0.47072241016576966,-0.47934163551176356,-0.47871807974786107,1.0,1.0,0.0,0
35,0.8130336674657798,0.012390224884989386,2.0812143109359664,0.7847000107266648,-0.13709150703135536,0.0,0.0,1.0,0
36,0.8130336674657798,-2.1207035721087277,2.0812143109359664,0.7847000107266648,-0.22165620034705105,1.0,0.0,1.0,0
37,-0.40055117789194583,-0.34948623746323365,0.3799231635348091,0.7847000107266648,-0.04980022479257691,0.0,0.0,1.0,1
38,-1.6141360232496715,1.652759445179499,-0.47072241016576966,0.7847000107266648,0.5544242041283143,1.0,0.0,0.0,0
39,-0.40055117789194583,-0.34948623746323365,-0.47072241016576966,0.7847000107266648,-0.12682251075536644,0.0,0.0,1.0,1
40,0.8130336674657798,0.012390224884989386,-0.47072241016576966,-0.47934163551176356,-0.48786447620594237,1.0,0.0,1.0,0
41,0.8130336674657798,0.012390224884989386,-0.47072241016576966,-0.47934163551176356,-0.47542922813724997,1.0,0.0,1.0,0
42,-0.40055117789194583,-0.4264956867956464,-0.47072241016576966,-0.47934163551176356,-0.3771449401344324,0.0,0.0,1.0,0
43,0.8130336674657798,-0.8885523827901232,0.3799231635348091,0.7847000107266648,-0.23826413075777755,1.0,0.0,1.0,0
44,-1.6141360232496715,0.012390224884989386,-0.47072241016576966,-0.47934163551176356,-0.040172439047228226,1.0,0.0,1.0,1
45,0.8130336674657798,-0.34948623746323365,-0.47072241016576966,-0.47934163551176356,-0.4917155905040818,1.0,0.0,1.0,0
46,-0.40055117789194583,-0.4264956867956464,-0.47072241016576966,2.048741656965093,-0.3482615828983863,0.0,0.0,1.0,1
47,0.8130336674657798,-0.5805145854604721,-0.47072241016576966,-0.47934163551176356,-0.4826500674462615,1.0,0.0,1.0,0
48,-1.6141360232496715,-2.2038737773877335,0.3799231635348091,2.048741656965093,2.2907144899016902,1.0,0.0,1.0,1
49,-0.40055117789194583,-0.4264956867956464,0.3799231635348091,-0.47934163551176356,-0.12682251075536644,0.0,0.0,1.0,1
50,0.8130336674657798,-0.2724767881308208,-0.47072241016576966,-0.47934163551176356,-0.4748669654497216,0.0,0.0,1.0,1
51,-0.40055117789194583,0.3435988065284815,0.3799231635348091,-0.47934163551176356,-0.22310036820885334,1.0,0.0,1.0,0
52,-1.6141360232496715,-0.6575240347928848,1.2305687372353877,2.048741656965093,4.4247132003582275,0.0,0.0,0.0,1
53,0.8130336674657798,0.012390224884989386,-0.47072241016576966,-0.47934163551176356,-0.47823669046059364,1.0,1.0,0.0,0
54,0.8130336674657798,0.012390224884989386,-0.47072241016576966,-0.47934163551176356,-0.4882649920929489,0.0,0.0,0.0,1
55,0.8130336674657798,0.012390224884989386,-0.47072241016576966,-0.47934163551176356,-0.4606659814753323,1.0,0.0,1.0,0
56,0.8130336674657798,-0.5805145854604721,-0.47072241016576966,-0.47934163551176356,-0.47775530117332626,0.0,0.0,1.0,1
57,-1.6141360232496715,2.4998633878360397,-0.47072241016576966,-0.47934163551176356,0.9129783497422922,0.0,0.0,1.0,1
58,0.8130336674657798,-0.8885523827901232,-0.47072241016576966,-0.47934163551176356,-0.43795981157350194,0.0,0.0,1.0,1
59,-1.6141360232496715,0.9596744011877838,-0.47072241016576966,-0.47934163551176356,3.7536565339074235,0.0,0.0,0.0,1
60,-0.40055117789194583,2.114816141173976,-0.47072241016576966,-0.47934163551176356,-0.38966106160338565,1.0,1.0,0.0,0
61,0.8130336674657798,-0.8115429334577104,-0.47072241016576966,-0.47934163551176356,-0.6274673695134984,1.0,0.0,1.0,0
62,-0.40055117789194583,0.9596744011877838,0.3799231635348091,-0.47934163551176356,-0.12682251075536644,0.0,0.0,1.0,1
63,0.8130336674657798,0.012390224884989386,-0.47072241016576966,-0.47934163551176356,-0.48834586549320974,1.0,0.0,0.0,0
64,0.8130336674657798,-0.7345334841252976,-0.47072241016576966,-0.47934163551176356,-0.4606659814753323,0.0,0.0,1.0,0
65,0.8130336674657798,0.3821035311946879,-0.47072241016576966,-0.47934163551176356,-0.503509628042134,1.0,0.0,0.0,0
66,0.8130336674657798,-0.11845788946599527,-0.47072241016576966,-0.47934163551176356,-0.44453944035187326,1.0,0.0,1.0,0
67,0.8130336674657798,0.012390224884989386,-0.47072241016576966,-0.47934163551176356,-0.4724600190133844,1.0,0.0,1.0,0
68,0.8130336674657798,-0.5035051361280592,-0.47072241016576966,-0.47934163551176356,-0.47542922813724997,1.0,0.0,1.0,0
69,0.8130336674657798,-0.5805145854604721,-0.47072241016576966,-0.47934163551176356,-0.48786447620594237,1.0,0.0,1.0,0
70,-1.6141360232496715,1.7297688945119118,-0.47072241016576966,-0.47934163551176356,-0.040172439047228226,1.0,0.0,1.0,1
71,0.8130336674657798,0.035561009198830325,-0.47072241016576966,-0.47934163551176356,-0.3872541151670485,0.0,0.0,1.0,1
72,-0.40055117789194583,0.5361224298595135,-0.47072241016576966,2.048741656965093,-0.12682251075536644,1.0,0.0,1.0,0
73,0.8130336674657798,0.012390224884989386,-0.47072241016576966,-0.47934163551176356,-0.47823669046059364,1.0,1.0,0.0,0
74,0.8130336674657798,-0.5805145854604721,-0.47072241016576966,-0.47934163551176356,-0.4882649920929489,1.0,0.0,0.0,0
75,-1.6141360232496715,1.5757499958470862,1.2305687372353877,-0.47934163551176356,1.946039760218207,1.0,0.0,1.0,1
76,0.8130336674657798,-0.19546733879840805,-0.47072241016576966,-0.47934163551176356,-0.4931597583658841,1.0,0.0,1.0,1
77,0.8130336674657798,-0.5805145854604721,-0.47072241016576966,-0.47934163551176356,-0.4724600190133844,1.0,0.0,1.0,0
78,-1.6141360232496715,1.652759445179499,0.3799231635348091,-0.47934163551176356,0.8736642494297352,0.0,0.0,1.0,1
79,-0.40055117789194583,0.4976177051933071,-0.47072241016576966,-0.47934163551176356,-0.42528386886117586,1.0,0.0,1.0,0
80,-0.40055117789194583,-0.04144844013358247,0.3799231635348091,-0.47934163551176356,-0.12682251075536644,0.0,0.0,1.0,1
81,-1.6141360232496715,-0.5805145854604721,-0.47072241016576966,-0.47934163551176356,2.2907144899016902,0.0,0.0,1.0,1
82,-1.6141360232496715,1.5757499958470862,0.3799231635348091,-0.47934163551176356,1.4218068263839703,1.0,0.0,0.0,0
83,-0.40055117789194583,0.8056555025229583,-0.47072241016576966,-0.47934163551176356,-0.3771449401344324,0.0,0.0,1.0,1
84,0.8130336674657798,-0.19546733879840805,-0.47072241016576966,-0.47934163551176356,-0.4606659814753323,1.0,0.0,1.0,1
85,-1.6141360232496715,0.012390224884989386,-0.47072241016576966,-0.47934163551176356,-0.6274673695134984,1.0,0.0,1.0,0
86,-1.6141360232496715,2.730891735833278,-0.47072241016576966,-0.47934163551176356,-0.11623194643548287,1.0,0.0,1.0,0
87,0.8130336674657798,-0.965561832122536,-0.47072241016576966,-0.47934163551176356,-0.4606659814753323,1.0,0.0,1.0,0
88,-1.6141360232496715,-0.11845788946599527,-0.47072241016576966,-0.47934163551176356,-0.11623194643548287,1.0,0.0,1.0,1
89,-1.6141360232496715,-1.9666846734439023,-0.47072241016576966,2.048741656965093,0.9487609782434552,1.0,0.0,1.0,1
90,0.8130336674657798,0.012390224884989386,-0.47072241016576966,-0.47934163551176356,-0.47542922813724997,1.0,0.0,1.0,0
91,0.8130336674657798,-2.1977130214411407,0.3799231635348091,0.7847000107266648,-0.41308931543611727,0.0,0.0,1.0,1
92,-0.40055117789194583,0.4976177051933071,0.3799231635348091,2.048741656965093,-0.09312526064664603,1.0,0.0,1.0,0
93,-0.40055117789194583,1.0366838505201967,0.3799231635348091,0.7847000107266648,-0.1220086178826921,1.0,0.0,1.0,0
94,-1.6141360232496715,0.6516366038581327,-0.47072241016576966,0.7847000107266648,2.3275407703776487,1.0,0.0,1.0,0
95,-0.40055117789194583,0.11257045853124312,0.3799231635348091,0.7847000107266648,-0.1220086178826921,0.0,0.0,1.0,1
96,0.8130336674657798,-0.04144844013358247,-0.47072241016576966,-0.47934163551176356,-0.4724600190133844,1.0,0.0,1.0,0
97,0.8130336674657798,-0.8885523827901232,-0.47072241016576966,-0.47934163551176356,-0.4676461261407101,1.0,0.0,1.0,0
98,-0.40055117789194583,0.012390224884989386,-0.47072241016576966,-0.47934163551176356,-0.33767101857850274,1.0,0.0,0.0,0
99,-1.6141360232496715,0.7286460531905454,0.3799231635348091,0.7847000107266648,1.5076539407609466,0.0,0.0,0.0,1
100,-0.40055117789194583,0.7286460531905454,-0.47072241016576966,-0.47934163551176356,-0.3771449401344324,1.0,0.0,1.0,0
101,0.8130336674657798,-0.2724767881308208,1.2305687372353877,-0.47934163551176356,-0.4606659814753323,1.0,0.0,1.0,0
102,0.8130336674657798,-0.7345334841252976,-0.47072241016576966,-0.47934163551176356,-0.4917155905040818,1.0,0.0,1.0,0
103,-1.6141360232496715,0.012390224884989386,0.3799231635348091,-0.47934163551176356,1.946039760218207,0.0,0.0,1.0,1
104,0.8130336674657798,1.4987405465146735,-0.47072241016576966,-0.47934163551176356,-0.6274673695134984,1.0,0.0,1.0,0
105,-0.40055117789194583,-0.5035051361280592,-0.47072241016576966,-0.47934163551176356,-0.3377518919787637,1.0,0.0,0.0,0
106,0.8130336674657798,-2.1977130214411407,2.931859884636545,0.7847000107266648,0.13673812402355398,1.0,0.0,1.0,0
107,0.8130336674657798,0.012390224884989386,-0.47072241016576966,-0.47934163551176356,-0.47574887062399557,0.0,1.0,0.0,1
108,0.8130336674657798,0.012390224884989386,0.3799231635348091,2.048741656965093,-0.17592421805664477,1.0,0.0,1.0,0
109,-0.40055117789194583,-2.0436941227763152,0.3799231635348091,0.7847000107266648,-0.12682251075536644,1.0,0.0,1.0,1
110,0.8130336674657798,-1.9666846734439023,0.3799231635348091,0.7847000107266648,-0.41308931543611727,1.0,0.0,1.0,1
111,0.8130336674657798,-0.8115429334577104,-0.47072241016576966,-0.47934163551176356,-0.4801622476096634,1.0,0.0,1.0,0
112,0.8130336674657798,0.8441602271891646,-0.47072241016576966,-0.47934163551176356,-0.47823669046059364,1.0,1.0,0.0,0
113,0.8130336674657798,-2.1977130214411407,-0.47072241016576966,2.048741656965093,-0.3243519397783874,0.0,0.0,0.0,1
114,0.8130336674657798,0.012390224884989386,-0.47072241016576966,2.048741656965093,-0.33390077768062426,0.0,0.0,0.0,0
115,0.8130336674657798,-0.6575240347928848,-0.47072241016576966,-0.47934163551176356,-0.4748669654497216,1.0,0.0,1.0,0
116,-1.6141360232496715,1.8837877931767373,-0.47072241016576966,-0.47934163551176356,0.37117470692279453,1.0,0.0,1.0,0
117,0.8130336674657798,0.012390224884989386,-0.47072241016576966,-0.47934163551176356,-0.3290060114076889,1.0,1.0,0.0,0
118,-0.40055117789194583,-0.34948623746323365,0.3799231635348091,2.048741656965093,0.1731638886125062,1.0,0.0,0.0,0
119,0.8130336674657798,-0.2724767881308208,0.3799231635348091,-0.47934163551176356,-0.34914348807266027,1.0,0.0,0.0,0
120,0.8130336674657798,-0.5805145854604721,-0.47072241016576966,-0.47934163551176356,-0.4249623008172812,0.0,0.0,1.0,0
121,0.8130336674657798,0.11257045853124312,0.3799231635348091,0.7847000107266648,-0.23224676466693464,0.0,0.0,1.0,1
122,-1.6141360232496715,1.4987405465146735,0.3799231635348091,-0.47934163551176356,1.0882849237078993,1.0,0.0,0.0,1
123,-0.40055117789194583,-0.8115429334577104,0.3799231635348091,0.7847000107266648,0.08017488276963042,1.0,0.0,1.0,0
124,-0.40055117789194583,-0.4264956867956464,-0.47072241016576966,-0.47934163551176356,-0.42528386886117586,1.0,0.0,1.0,0
125,0.8130336674657798,-1.0425712814549488,-0.47072241016576966,-0.47934163551176356,-0.4724600190133844,1.0,0.0,1.0,1
126,-1.6141360232496715,-0.34948623746323365,0.3799231635348091,-0.47934163551176356,0.4400942484022986,1.0,0.0,0.0,1
127,0.8130336674657798,0.7286460531905454,-0.47072241016576966,-0.47934163551176356,-0.16244531801315662,1.0,0.0,1.0,0
128,0.8130336674657798,1.3447216478498478,0.3799231635348091,-0.47934163551176356,-0.3482615828983863,0.0,0.0,1.0,0
129,-1.6141360232496715,2.3458444891712142,-0.47072241016576966,-0.47934163551176356,-0.11623194643548287,1.0,0.0,1.0,0
130,-0.40055117789194583,-0.4264956867956464,-0.47072241016576966,-0.47934163551176356,-0.3771449401344324,1.0,0.0,1.0,0
131,-1.6141360232496715,0.012390224884989386,-0.47072241016576966,-0.47934163551176356,0.33531120502137074,1.0,0.0,1.0,0
132,-0.40055117789194583,-0.19546733879840805,0.3799231635348091,-0.47934163551176356,-0.22310036820885334,0.0,0.0,1.0,0
133,-0.40055117789194583,0.012390224884989386,-0.47072241016576966,-0.47934163551176356,-0.3605370097237059,1.0,0.0,0.0,1
134,0.8130336674657798,0.6516366038581327,-0.47072241016576966,-0.47934163551176356,-0.47542922813724997,1.0,0.0,1.0,0
135,0.8130336674657798,1.1136932998526095,-0.47072241016576966,-0.47934163551176356,-0.4724600190133844,1.0,0.0,1.0,0
136,-0.40055117789194583,-0.6575240347928848,-0.47072241016576966,-0.47934163551176356,-0.42528386886117586,0.0,0.0,1.0,1
137,0.8130336674657798,-0.4264956867956464,-0.47072241016576966,2.048741656965093,-0.3058993256188521,0.0,0.0,1.0,1
138,-0.40055117789194583,1.1907027491850222,-0.47072241016576966,-0.47934163551176356,-0.3675171543890837,0.0,0.0,1.0,1
139,-0.40055117789194583,-1.6586468761142512,0.3799231635348091,0.7847000107266648,0.08017488276963042,1.0,0.0,1.0,1
140,0.8130336674657798,-1.6586468761142512,2.0812143109359664,0.7847000107266648,-0.22165620034705105,0.0,0.0,1.0,0
141,-1.6141360232496715,0.012390224884989386,-0.47072241016576966,-0.47934163551176356,0.04647763266091,1.0,0.0,1.0,0
142,0.8130336674657798,0.18957990786365592,-0.47072241016576966,-0.47934163551176356,-0.4724600190133844,1.0,0.0,1.0,1
143,-1.6141360232496715,1.5757499958470862,0.3799231635348091,-0.47934163551176356,0.44891907681648524,1.0,0.0,1.0,0
144,0.8130336674657798,-0.6575240347928848,-0.47072241016576966,-0.47934163551176356,-0.4772739118860588,1.0,0.0,1.0,0
145,-0.40055117789194583,1.5757499958470862,-0.47072241016576966,-0.47934163551176356,-0.42528386886117586,0.0,0.0,1.0,1
146,0.8130336674657798,-0.5035051361280592,-0.47072241016576966,-0.47934163551176356,-0.4748669654497216,0.0,0.0,1.0,0
147,0.8130336674657798,0.18957990786365592,-0.47072241016576966,-0.47934163551176356,-0.476230259911263,1.0,0.0,1.0,1
148,0.8130336674657798,0.012390224884989386,-0.47072241016576966,-0.47934163551176356,-0.47823669046059364,0.0,1.0,0.0,0
149,0.8130336674657798,-0.6575240347928848,1.2305687372353877,2.048741656965093,0.03444290047922413,0.0,0.0,1.0,0
150,0.8130336674657798,0.012390224884989386,-0.47072241016576966,-0.47934163551176356,-0.47823669046059364,1.0,1.0,0.0,0
151,0.8130336674657798,-0.34948623746323365,-0.47072241016576966,-0.47934163551176356,-0.48834586549320974,1.0,0.0,0.0,0
152,0.8130336674657798,-1.1195807307873615,0.3799231635348091,0.7847000107266648,-0.4882649920929489,1.0,0.0,0.0,0
153,0.8130336674657798,0.11257045853124312,0.3799231635348091,-0.47934163551176356,-0.2808670826809455,0.0,0.0,1.0,0
154,-0.40055117789194583,-0.34948623746323365,-0.47072241016576966,-0.47934163551176356,-0.3771449401344324,1.0,0.0,1.0,0
155,-0.40055117789194583,1.8837877931767373,-0.47072241016576966,-0.47934163551176356,-0.12682251075536644,1.0,0.0,1.0,0
156,-1.6141360232496715,-0.11845788946599527,-0.47072241016576966,-0.47934163551176356,0.2794700476983483,1.0,0.0,1.0,0
157,-1.6141360232496715,0.6516366038581327,-0.47072241016576966,-0.47934163551176356,0.9129783497422922,0.0,0.0,1.0,1
158,-0.40055117789194583,0.8826649518553711,-0.47072241016576966,0.7847000107266648,-0.25198372544489944,0.0,0.0,1.0,1
159,0.8130336674657798,0.2665893571960687,-0.47072241016576966,-0.47934163551176356,-0.4606659814753323,1.0,0.0,0.0,0
160,-0.40055117789194583,1.7297688945119118,-0.47072241016576966,-0.47934163551176356,-0.3675171543890837,1.0,0.0,1.0,0
161,0.8130336674657798,-1.0425712814549488,0.3799231635348091,0.7847000107266648,-0.23754204682687638,1.0,0.0,1.0,0
162,0.8130336674657798,-0.7345334841252976,-0.47072241016576966,-0.47934163551176356,-0.4724600190133844,1.0,0.0,1.0,0
163,0.8130336674657798,-1.5816374267818383,2.931859884636545,2.048741656965093,-0.02308311934923431,1.0,0.0,1.0,0
164,0.8130336674657798,0.012390224884989386,-0.47072241016576966,-0.47934163551176356,-0.47125654579521586,1.0,0.0,1.0,1
165,0.8130336674657798,0.012390224884989386,-0.47072241016576966,-0.47934163551176356,-0.47671164919853043,1.0,1.0,0.0,0
166,0.8130336674657798,0.012390224884989386,-0.47072241016576966,-0.47934163551176356,-0.47542922813724997,1.0,0.0,1.0,0
167,-1.6141360232496715,1.8837877931767373,0.3799231635348091,-0.47934163551176356,0.5163135770339261,0.0,0.0,0.0,1
168,0.8130336674657798,-0.2724767881308208,-0.47072241016576966,-0.47934163551176356,-0.47542922813724997,1.0,0.0,1.0,0
169,-1.6141360232496715,2.3458444891712142,0.3799231635348091,0.7847000107266648,0.8975738925497343,1.0,0.0,0.0,1
170,0.8130336674657798,0.012390224884989386,-0.47072241016576966,-0.47934163551176356,0.46039154631064283,1.0,0.0,1.0,1
171,-1.6141360232496715,1.1136932998526095,-0.47072241016576966,0.7847000107266648,0.48895526105994325,0.0,0.0,0.0,1
172,0.8130336674657798,-0.7345334841252976,0.3799231635348091,-0.47934163551176356,-0.4748669654497216,1.0,0.0,1.0,1
173,0.8130336674657798,0.012390224884989386,2.0812143109359664,0.7847000107266648,-0.13709150703135536,1.0,0.0,1.0,0
174,-0.40055117789194583,-1.0425712814549488,-0.47072241016576966,-0.47934163551176356,-0.42528386886117586,1.0,0.0,1.0,0
175,0.8130336674657798,1.0366838505201967,0.3799231635348091,7.104908241918808,0.2756189334002088,0.0,0.0,1.0,0
176,0.8130336674657798,-0.965561832122536,-0.47072241016576966,-0.47934163551176356,-0.4606659814753323,1.0,0.0,1.0,0
177,-1.6141360232496715,0.5746271545257199,0.3799231635348091,0.7847000107266648,0.38449378572291,1.0,0.0,1.0,1
178,-0.40055117789194583,2.4998633878360397,-0.47072241016576966,-0.47934163551176356,-0.42528386886117586,1.0,0.0,1.0,1
179,0.8130336674657798,-1.6586468761142512,2.931859884636545,0.7847000107266648,-0.06664884984693713,1.0,1.0,0.0,0
180,0.8130336674657798,0.18957990786365592,-0.47072241016576966,-0.47934163551176356,0.46039154631064283,1.0,0.0,1.0,1
181,0.8130336674657798,-0.7345334841252976,0.3799231635348091,-0.47934163551176356,-0.4382813796173966,0.0,0.0,1.0,0
182,-0.40055117789194583,-0.11845788946599527,-0.47072241016576966,-0.47934163551176356,-0.3771449401344324,0.0,0.0,1.0,1
183,0.8130336674657798,-0.6575240347928848,-0.47072241016576966,-0.47934163551176356,-0.47823669046059364,0.0,1.0,0.0,0
184,0.8130336674657798,0.5746271545257199,1.2305687372353877,-0.47934163551176356,-0.4748669654497216,1.0,0.0,1.0,0
185,0.8130336674657798,-0.965561832122536,-0.47072241016576966,-0.47934163551176356,-0.3490645402295484,0.0,0.0,0.0,0
186,0.8130336674657798,0.012390224884989386,-0.47072241016576966,-0.47934163551176356,-0.47823669046059364,0.0,1.0,0.0,1
187,-1.6141360232496715,1.267712198517435,0.3799231635348091,-0.47934163551176356,0.5504922164299139,1.0,0.0,1.0,0
188,0.8130336674657798,0.012390224884989386,-0.47072241016576966,-0.47934163551176356,-0.3367082400039679,1.0,0.0,1.0,0
189,0.8130336674657798,-0.4264956867956464,-0.47072241016576966,-0.47934163551176356,-0.4724600190133844,1.0,0.0,1.0,0
190,-1.6141360232496715,-0.04144844013358247,0.3799231635348091,-0.47934163551176356,0.6549536917669472,1.0,0.0,1.0,0
191,-1.6141360232496715,2.037806691841563,-0.47072241016576966,0.7847000107266648,0.9737932211813617,0.0,0.0,0.0,1
192,-0.40055117789194583,0.11257045853124312,0.3799231635348091,0.7847000107266648,0.08506964904256564,1.0,0.0,0.0,0
193,0.8130336674657798,0.012390224884989386,-0.47072241016576966,-0.47934163551176356,-0.47823669046059364,1.0,1.0,0.0,1
194,-0.40055117789194583,0.18957990786365592,0.3799231635348091,-0.47934163551176356,-0.12682251075536644,1.0,0.0,1.0,1
195,0.8130336674657798,0.2665893571960687,0.3799231635348091,0.7847000107266648,-0.23224676466693464,1.0,0.0,1.0,0
196,0.8130336674657798,2.2688350398388013,-0.47072241016576966,-0.47934163551176356,-0.48786447620594237,1.0,0.0,1.0,0
197,-1.6141360232496715,2.1918255905063884,-0.47072241016576966,-0.47934163551176356,-0.11623194643548287,0.0,0.0,1.0,1
198,0.8130336674657798,0.012390224884989386,0.3799231635348091,-0.47934163551176356,-0.3174526685132705,0.0,0.0,1.0,1
199,-0.40055117789194583,-2.0436941227763152,0.3799231635348091,2.048741656965093,0.1731638886125062,0.0,0.0,0.0,1
200,0.8130336674657798,0.012390224884989386,-0.47072241016576966,-0.47934163551176356,-0.47542922813724997,1.0,0.0,0.0,0
201,-1.6141360232496715,-1.0425712814549488,-0.47072241016576966,0.7847000107266648,0.48895526105994325,0.0,0.0,0.0,1
202,0.8130336674657798,1.1907027491850222,0.3799231635348091,4.57682494944195,-0.09023692492304144,0.0,0.0,1.0,0
203,-1.6141360232496715,1.0366838505201967,-0.47072241016576966,0.7847000107266648,3.4419569704017596,0.0,0.0,1.0,1
204,-1.6141360232496715,0.035561009198830325,-0.47072241016576966,-0.47934163551176356,1.4218068263839703,0.0,0.0,0.0,1
205,0.8130336674657798,-0.07995316479978887,-0.47072241016576966,-0.47934163551176356,-0.3174526685132705,1.0,0.0,1.0,0
206,0.8130336674657798,-0.4264956867956464,-0.47072241016576966,-0.47934163551176356,-0.47735478528631975,1.0,0.0,1.0,0
207,-0.40055117789194583,0.035561009198830325,-0.47072241016576966,-0.47934163551176356,-0.3771449401344324,1.0,0.0,1.0,0
208,-1.6141360232496715,0.4976177051933071,-0.47072241016576966,-0.47934163551176356,0.14516243655073408,1.0,0.0,0.0,0
209,0.8130336674657798,-0.34948623746323365,-0.47072241016576966,-0.47934163551176356,-0.4917155905040818,1.0,0.0,1.0,0
210,0.8130336674657798,0.012390224884989386,-0.47072241016576966,2.048741656965093,-0.47823669046059364,0.0,1.0,0.0,0
211,-1.6141360232496715,1.5757499958470862,-0.47072241016576966,-0.47934163551176356,-0.07459177308684982,0.0,0.0,0.0,0
212,0.8130336674657798,-2.216965383774244,1.2305687372353877,0.7847000107266648,-0.25663779707420104,0.0,0.0,0.0,1
213,-1.6141360232496715,-0.4264956867956464,-0.47072241016576966,-0.47934163551176356,0.32576429267628293,0.0,0.0,0.0,1
214,-0.40055117789194583,-0.4264956867956464,0.3799231635348091,2.048741656965093,0.6241447773818315,0.0,0.0,1.0,1
215,-1.6141360232496715,0.4206082558608943,0.3799231635348091,-0.47934163551176356,0.3738223480027655,0.0,0.0,1.0,1
216,-1.6141360232496715,0.035561009198830325,-0.47072241016576966,-0.47934163551176356,1.0381395644318252,0.0,0.0,1.0,1
217,-0.40055117789194583,-0.5035051361280592,-0.47072241016576966,-0.47934163551176356,-0.3771449401344324,1.0,0.0,1.0,0
218,0.8130336674657798,0.012390224884989386,-0.47072241016576966,-0.47934163551176356,-0.47542922813724997,1.0,0.0,1.0,0
219,-0.40055117789194583,-0.19546733879840805,-0.47072241016576966,-0.47934163551176356,-0.12682251075536644,1.0,0.0,1.0,0
220,-0.40055117789194583,1.9607972425091502,-0.47072241016576966,-0.47934163551176356,-0.31937822566234025,0.0,0.0,1.0,1
221,-1.6141360232496715,0.4206082558608943,0.3799231635348091,-0.47934163551176356,0.39500347664253266,0.0,0.0,1.0,1
222,0.8130336674657798,0.012390224884989386,-0.47072241016576966,-0.47934163551176356,-0.49540688355884854,1.0,1.0,0.0,0
223,-1.6141360232496715,0.012390224884989386,-0.47072241016576966,-0.47934163551176356,0.8975738925497343,0.0,0.0,0.0,1
224,0.8130336674657798,0.012390224884989386,0.3799231635348091,-0.47934163551176356,-0.24299715023019097,1.0,0.0,1.0,0
225,-0.40055117789194583,-0.5035051361280592,-0.47072241016576966,-0.47934163551176356,-0.3619003041852473,0.0,0.0,0.0,1
226,0.8130336674657798,0.012390224884989386,-0.47072241016576966,-0.47934163551176356,-0.4785582585044883,0.0,1.0,0.0,1
227,-1.6141360232496715,-0.5035051361280592,0.3799231635348091,-0.47934163551176356,1.5537074910952478,0.0,0.0,0.0,1
228,0.8130336674657798,1.652759445179499,-0.47072241016576966,-0.47934163551176356,-0.4724600190133844,1.0,0.0,1.0,0
229,-0.40055117789194583,0.2665893571960687,-0.47072241016576966,2.048741656965093,-0.12682251075536644,0.0,0.0,1.0,1
230,0.8130336674657798,-0.04144844013358247,-0.47072241016576966,4.57682494944195,-0.22165620034705105,0.0,0.0,1.0,0
231,0.8130336674657798,0.012390224884989386,-0.47072241016576966,-0.47934163551176356,-0.47542922813724997,1.0,0.0,0.0,0
232,0.8130336674657798,0.012390224884989386,6.33444217943886,2.048741656965093,0.7117576276645045,1.0,0.0,1.0,0
233,-0.40055117789194583,-2.1207035721087277,0.3799231635348091,0.7847000107266648,-0.12682251075536644,0.0,0.0,1.0,1
234,-0.40055117789194583,-1.1965901801197745,0.3799231635348091,-0.47934163551176356,-0.04843693033103557,0.0,0.0,0.0,1
235,-0.40055117789194583,1.8837877931767373,0.3799231635348091,-0.47934163551176356,-0.12682251075536644,1.0,0.0,1.0,0
236,0.8130336674657798,-1.1195807307873615,-0.47072241016576966,-0.47934163551176356,-0.472860534900391,0.0,1.0,0.0,1
237,-1.6141360232496715,-0.5805145854604721,-0.47072241016576966,0.7847000107266648,0.4315890624748576,0.0,0.0,1.0,1
238,-0.40055117789194583,-0.19546733879840805,-0.47072241016576966,-0.47934163551176356,-0.3771449401344324,1.0,0.0,1.0,0
239,0.8130336674657798,0.012390224884989386,-0.47072241016576966,-0.47934163551176356,-0.47542922813724997,1.0,0.0,1.0,0
240,-1.6141360232496715,0.012390224884989386,-0.47072241016576966,-0.47934163551176356,0.13505326151811797,1.0,0.0,0.0,0
241,-0.40055117789194583,-0.11845788946599527,0.3799231635348091,-0.47934163551176356,-0.1653336537367612,0.0,0.0,0.0,1
242,0.8130336674657798,0.7286460531905454,-0.47072241016576966,-0.47934163551176356,-0.4748669654497216,1.0,0.0,1.0,0
243,-0.40055117789194583,-2.1207035721087277,0.3799231635348091,0.7847000107266648,-0.12682251075536644,1.0,0.0,1.0,1
244,0.8130336674657798,-0.4264956867956464,0.3799231635348091,-0.47934163551176356,-0.3174526685132705,1.0,0.0,1.0,0
245,0.8130336674657798,0.18957990786365592,-0.47072241016576966,-0.47934163551176356,-0.47542922813724997,1.0,0.0,1.0,0
246,0.8130336674657798,1.2292074738512286,-0.47072241016576966,-0.47934163551176356,-0.48834586549320974,1.0,0.0,0.0,0
247,-0.40055117789194583,-1.6586468761142512,-0.47072241016576966,2.048741656965093,-0.1220086178826921,0.0,0.0,1.0,1
248,0.8130336674657798,-0.2724767881308208,0.3799231635348091,2.048741656965093,-0.23128398609239975,1.0,0.0,1.0,0
249,-1.6141360232496715,-0.04144844013358247,-0.47072241016576966,-0.47934163551176356,3.4419569704017596,0.0,0.0,1.0,1
250,-0.40055117789194583,1.1907027491850222,0.3799231635348091,0.7847000107266648,-0.1220086178826921,0.0,0.0,1.0,1
251,0.8130336674657798,0.4976177051933071,0.3799231635348091,-0.47934163551176356,-0.29242042557536396,0.0,0.0,1.0,1
252,-1.6141360232496715,0.012390224884989386,-0.47072241016576966,-0.47934163551176356,-0.12682251075536644,1.0,0.0,1.0,0
253,0.8130336674657798,-1.9666846734439023,-0.47072241016576966,2.048741656965093,-0.20336340743088857,0.0,0.0,1.0,1
254,-0.40055117789194583,-1.0425712814549488,-0.47072241016576966,-0.47934163551176356,-0.12682251075536644,1.0,0.0,1.0,0
255,-1.6141360232496715,2.1918255905063884,-0.47072241016576966,-0.47934163551176356,-0.05557689623978614,1.0,0.0,0.0,0
256,0.8130336674657798,0.8441602271891646,-0.47072241016576966,2.048741656965093,-0.3482615828983863,1.0,0.0,1.0,0
257,0.8130336674657798,-0.34948623746323365,-0.47072241016576966,-0.47934163551176356,-0.4801622476096634,1.0,0.0,1.0,0
258,0.8130336674657798,0.012390224884989386,-0.47072241016576966,-0.47934163551176356,-0.47542922813724997,1.0,0.0,1.0,0
259,0.8130336674657798,1.652759445179499,-0.47072241016576966,-0.47934163551176356,-0.4916347171038209,1.0,0.0,1.0,0
260,-0.40055117789194583,0.012390224884989386,-0.47072241016576966,-0.47934163551176356,-0.6274673695134984,1.0,0.0,1.0,0
261,0.8130336674657798,-0.965561832122536,2.931859884636545,2.048741656965093,-0.4748669654497216,0.0,0.0,1.0,1
262,0.8130336674657798,0.012390224884989386,-0.47072241016576966,-0.47934163551176356,-0.4936411476531516,1.0,1.0,0.0,0
263,0.8130336674657798,0.8056555025229583,0.3799231635348091,0.7847000107266648,-0.3290060114076889,1.0,1.0,0.0,0
264,0.8130336674657798,-0.34948623746323365,-0.47072241016576966,-0.47934163551176356,-0.6274673695134984,1.0,0.0,1.0,1
265,-1.6141360232496715,1.3447216478498478,-0.47072241016576966,-0.47934163551176356,-0.13476543399527913,1.0,0.0,1.0,0
266,-1.6141360232496715,0.012390224884989386,-0.47072241016576966,-0.47934163551176356,-0.11623194643548287,1.0,0.0,1.0,0
267,-0.40055117789194583,1.1136932998526095,0.3799231635348091,-0.47934163551176356,-0.12682251075536644,1.0,0.0,1.0,0
268,-1.6141360232496715,-0.5035051361280592,2.0812143109359664,2.048741656965093,4.436747932539913,0.0,0.0,1.0,1
269,-0.40055117789194583,-0.8885523827901232,-0.47072241016576966,-0.47934163551176356,-0.40602829737047846,1.0,0.0,1.0,0
270,-0.40055117789194583,-0.04144844013358247,0.3799231635348091,-0.47934163551176356,-0.22310036820885334,1.0,0.0,1.0,0
271,0.8130336674657798,-1.3506090787846,0.3799231635348091,-0.47934163551176356,-0.4110020114865256,1.0,0.0,0.0,1
272,0.8130336674657798,-1.4276185281170128,-0.47072241016576966,-0.47934163551176356,-0.2657033201320213,1.0,0.0,0.0,0
273,0.8130336674657798,-0.5805145854604721,-0.47072241016576966,-0.47934163551176356,-0.47823669046059364,0.0,1.0,0.0,1
274,-0.40055117789194583,-0.8115429334577104,-0.47072241016576966,-0.47934163551176356,-0.42528386886117586,1.0,0.0,1.0,0
275,0.8130336674657798,-0.5805145854604721,0.3799231635348091,-0.47934163551176356,-0.48786447620594237,1.0,0.0,1.0,0
276,0.8130336674657798,0.2665893571960687,-0.47072241016576966,-0.47934163551176356,-0.47542922813724997,1.0,0.0,1.0,0
277,-1.6141360232496715,2.037806691841563,-0.47072241016576966,-0.47934163551176356,-0.11623194643548287,1.0,0.0,1.0,0
278,-0.40055117789194583,-2.1977130214411407,-0.47072241016576966,2.048741656965093,0.08506964904256564,1.0,0.0,0.0,1
279,0.8130336674657798,-0.5805145854604721,-0.47072241016576966,-0.47934163551176356,-0.47735478528631975,1.0,0.0,1.0,0
280,0.8130336674657798,0.012390224884989386,-0.47072241016576966,-0.47934163551176356,-0.4882649920929489,1.0,0.0,0.0,0
281,0.8130336674657798,0.012390224884989386,-0.47072241016576966,-0.47934163551176356,-0.47823669046059364,1.0,1.0,0.0,0
282,0.8130336674657798,-1.735656325446664,2.931859884636545,0.7847000107266648,-0.06664884984693713,1.0,1.0,0.0,0
283,0.8130336674657798,-1.9666846734439023,-0.47072241016576966,0.7847000107266648,-0.36912114349425884,0.0,0.0,0.0,1
284,0.8130336674657798,3.1544437071615485,-0.47072241016576966,-0.47934163551176356,-0.47823669046059364,1.0,1.0,0.0,0
285,-0.40055117789194583,-0.8885523827901232,-0.47072241016576966,-0.47934163551176356,-0.3771449401344324,1.0,0.0,1.0,0
286,0.8130336674657798,-0.7345334841252976,0.3799231635348091,0.7847000107266648,-0.3243519397783874,1.0,0.0,0.0,1
287,-0.40055117789194583,-0.4264956867956464,1.2305687372353877,-0.47934163551176356,0.7878171350527592,1.0,0.0,1.0,0
288,0.8130336674657798,0.012390224884989386,-0.47072241016576966,-0.47934163551176356,-0.48834586549320974,1.0,0.0,0.0,0
289,-0.40055117789194583,0.3435988065284815,-0.47072241016576966,-0.47934163551176356,-0.42528386886117586,0.0,0.0,1.0,1
290,0.8130336674657798,0.012390224884989386,-0.47072241016576966,-0.47934163551176356,-0.47823669046059364,0.0,1.0,0.0,1
291,-1.6141360232496715,0.11257045853124312,-0.47072241016576966,2.048741656965093,2.54713515877186,0.0,0.0,1.0,1
292,0.8130336674657798,0.035561009198830325,-0.47072241016576966,-0.47934163551176356,-0.47542922813724997,1.0,0.0,1.0,0
293,-0.40055117789194583,-0.8885523827901232,-0.47072241016576966,-0.47934163551176356,-0.40602829737047846,1.0,0.0,1.0,0
294,0.8130336674657798,-1.5816374267818383,2.0812143109359664,2.048741656965093,-0.09023692492304144,0.0,0.0,1.0,0
295,-1.6141360232496715,0.7286460531905454,0.3799231635348091,0.7847000107266648,0.9062388997205482,0.0,0.0,1.0,1
296,-1.6141360232496715,0.2665893571960687,0.3799231635348091,-0.47934163551176356,0.39500347664253266,0.0,0.0,1.0,1
297,-1.6141360232496715,3.1159389824953423,0.3799231635348091,0.7847000107266648,0.7396782063260158,1.0,0.0,1.0,0
298,-1.6141360232496715,-0.4264956867956464,-0.47072241016576966,-0.47934163551176356,0.7069437347918301,0.0,0.0,0.0,1
299,-1.6141360232496715,2.1918255905063884,-0.47072241016576966,0.7847000107266648,2.3275407703776487,0.0,0.0,1.0,1
300,0.8130336674657798,-0.6575240347928848,-0.47072241016576966,-0.47934163551176356,-0.476230259911263,1.0,0.0,1.0,0
301,-1.6141360232496715,-0.965561832122536,0.3799231635348091,-0.47934163551176356,1.4694643658234467,0.0,0.0,0.0,1
302,0.8130336674657798,-0.11845788946599527,0.3799231635348091,0.7847000107266648,-0.3501871400474561,0.0,0.0,1.0,0
303,-1.6141360232496715,-0.4264956867956464,-0.47072241016576966,-0.47934163551176356,0.9737932211813617,0.0,0.0,0.0,1
304,0.8130336674657798,0.012390224884989386,-0.47072241016576966,-0.47934163551176356,-0.48834586549320974,1.0,0.0,0.0,0
305,0.8130336674657798,0.012390224884989386,0.3799231635348091,-0.47934163551176356,-0.3290060114076889,1.0,1.0,0.0,0
306,0.8130336674657798,0.9596744011877838,-0.47072241016576966,-0.47934163551176356,-0.4606659814753323,1.0,0.0,1.0,0
307,0.8130336674657798,-0.8885523827901232,0.3799231635348091,-0.47934163551176356,-0.5023870282242263,1.0,0.0,1.0,0
308,0.8130336674657798,-2.1207035721087277,-0.47072241016576966,0.7847000107266648,-0.39086453482155425,0.0,0.0,1.0,1
309,-0.40055117789194583,0.3435988065284815,-0.47072241016576966,-0.47934163551176356,-0.3771449401344324,0.0,0.0,1.0,1
310,0.8130336674657798,-2.0436941227763152,2.931859884636545,2.048741656965093,-0.02308311934923431,1.0,0.0,1.0,1
311,-1.6141360232496715,2.1918255905063884,-0.47072241016576966,-0.47934163551176356,2.193874369760675,0.0,0.0,0.0,1
312,0.8130336674657798,0.18957990786365592,-0.47072241016576966,-0.47934163551176356,-0.47823669046059364,1.0,1.0,0.0,0
313,0.8130336674657798,0.11257045853124312,-0.47072241016576966,-0.47934163551176356,-0.4748669654497216,1.0,0.0,1.0,1
314,0.8130336674657798,0.012390224884989386,-0.47072241016576966,-0.47934163551176356,-0.47775530117332626,1.0,0.0,1.0,1
315,-0.40055117789194583,-0.19546733879840805,0.3799231635348091,-0.47934163551176356,-0.36061788312396686,0.0,0.0,0.0,1
316,0.8130336674657798,-1.4276185281170128,3.7825054583371243,2.048741656965093,0.2756189334002088,1.0,0.0,1.0,0
317,-0.40055117789194583,-0.5035051361280592,-0.47072241016576966,-0.47934163551176356,-0.3771449401344324,1.0,0.0,1.0,0
318,-1.6141360232496715,0.8056555025229583,-0.47072241016576966,-0.47934163551176356,-0.6274673695134984,1.0,0.0,1.0,0
319,0.8130336674657798,0.012390224884989386,-0.47072241016576966,-0.47934163551176356,-0.4882649920929489,1.0,0.0,0.0,0
320,0.8130336674657798,-0.11845788946599527,-0.47072241016576966,-0.47934163551176356,-0.47542922813724997,0.0,0.0,1.0,0
321,-0.40055117789194583,-0.11845788946599527,-0.47072241016576966,-0.47934163551176356,-0.3771449401344324,0.0,0.0,1.0,1
322,0.8130336674657798,0.012390224884989386,0.3799231635348091,-0.47934163551176356,-0.24299715023019097,1.0,0.0,1.0,0
323,0.8130336674657798,-0.8115429334577104,-0.47072241016576966,-0.47934163551176356,-0.43162280299591343,1.0,0.0,1.0,0
324,0.8130336674657798,0.035561009198830325,0.3799231635348091,0.7847000107266648,-0.16244531801315662,0.0,0.0,1.0,0
325,0.8130336674657798,-0.7345334841252976,-0.47072241016576966,-0.47934163551176356,-0.476230259911263,1.0,0.0,1.0,0
326,0.8130336674657798,-0.11845788946599527,-0.47072241016576966,-0.47934163551176356,0.46039154631064283,1.0,0.0,1.0,0
327,0.8130336674657798,0.4976177051933071,-0.47072241016576966,-0.47934163551176356,-0.6274673695134984,1.0,0.0,1.0,0
328,0.8130336674657798,0.012390224884989386,-0.47072241016576966,-0.47934163551176356,-0.4724600190133844,1.0,0.0,1.0,0
329,-1.6141360232496715,-0.4264956867956464,2.0812143109359664,2.048741656965093,4.436747932539913,0.0,0.0,1.0,1
330,0.8130336674657798,-0.07995316479978887,-0.47072241016576966,-0.47934163551176356,-0.4882649920929489,1.0,0.0,0.0,0
331,0.8130336674657798,-0.4264956867956464,-0.47072241016576966,3.312783303203522,-0.25663779707420104,0.0,0.0,0.0,1
332,-0.40055117789194583,0.9596744011877838,-0.47072241016576966,-0.47934163551176356,-0.3771449401344324,1.0,0.0,1.0,0
333,-1.6141360232496715,1.8837877931767373,-0.47072241016576966,0.7847000107266648,0.8607476120737754,1.0,0.0,1.0,0
334,0.8130336674657798,-0.34948623746323365,-0.47072241016576966,-0.47934163551176356,-0.4783965117039664,1.0,1.0,0.0,0
335,0.8130336674657798,-1.735656325446664,2.931859884636545,0.7847000107266648,0.13673812402355398,1.0,0.0,1.0,0
336,0.8130336674657798,-0.34948623746323365,0.3799231635348091,-0.47934163551176356,-0.28471819697908496,1.0,0.0,1.0,0
337,0.8130336674657798,-0.19546733879840805,-0.47072241016576966,0.7847000107266648,-0.3872541151670485,0.0,0.0,1.0,1
338,0.8130336674657798,-0.4264956867956464,0.3799231635348091,-0.47934163551176356,-0.32226656138594484,0.0,0.0,1.0,1
339,0.8130336674657798,0.012390224884989386,-0.47072241016576966,-0.47934163551176356,-0.48786447620594237,1.0,0.0,1.0,0
340,-0.40055117789194583,-0.11845788946599527,-0.47072241016576966,-0.47934163551176356,-0.38388439015617654,0.0,0.0,1.0,1
341,0.8130336674657798,-0.8115429334577104,-0.47072241016576966,-0.47934163551176356,-0.3482615828983863,1.0,0.0,1.0,0
342,0.8130336674657798,-0.5805145854604721,-0.47072241016576966,-0.47934163551176356,-0.48786447620594237,1.0,0.0,1.0,0
343,0.8130336674657798,0.012390224884989386,-0.47072241016576966,-0.47934163551176356,-0.48834586549320974,0.0,0.0,0.0,1
344,0.8130336674657798,0.012390224884989386,6.33444217943886,2.048741656965093,0.7117576276645045,0.0,0.0,1.0,0
345,-1.6141360232496715,0.9596744011877838,-0.47072241016576966,-0.47934163551176356,-0.12128653395179091,1.0,0.0,1.0,1
346,-0.40055117789194583,1.5757499958470862,-0.47072241016576966,-0.47934163551176356,-0.3771449401344324,1.0,0.0,1.0,0
347,-0.40055117789194583,-2.0436941227763152,0.3799231635348091,0.7847000107266648,-0.2664254040629225,1.0,0.0,1.0,1
348,-1.6141360232496715,0.012390224884989386,-0.47072241016576966,-0.47934163551176356,3.7536565339074235,1.0,0.0,0.0,0
349,0.8130336674657798,-0.8885523827901232,1.2305687372353877,-0.47934163551176356,-0.2808670826809455,0.0,0.0,1.0,0
350,0.8130336674657798,-0.8885523827901232,0.3799231635348091,0.7847000107266648,-0.476230259911263,1.0,0.0,1.0,0
351,-1.6141360232496715,1.1136932998526095,1.2305687372353877,-0.47934163551176356,1.105534064649266,1.0,1.0,0.0,0
352,-1.6141360232496715,0.012390224884989386,-0.47072241016576966,-0.47934163551176356,-0.04980022479257691,1.0,0.0,1.0,1
353,-1.6141360232496715,0.012390224884989386,-0.47072241016576966,-0.47934163551176356,0.18896886169207058,1.0,0.0,1.0,0
354,0.8130336674657798,0.012390224884989386,0.3799231635348091,-0.47934163551176356,-0.16244531801315662,1.0,1.0,0.0,0
355,0.8130336674657798,-1.0425712814549488,-0.47072241016576966,-0.47934163551176356,-0.47775530117332626,1.0,0.0,1.0,0
356,0.8130336674657798,0.012390224884989386,-0.47072241016576966,-0.47934163551176356,-0.48666100298777376,1.0,0.0,1.0,0
357,0.8130336674657798,-0.5805145854604721,-0.47072241016576966,-0.47934163551176356,-0.47542922813724997,1.0,0.0,1.0,0
358,-0.40055117789194583,-1.9666846734439023,0.3799231635348091,0.7847000107266648,-0.18458922522745858,0.0,0.0,1.0,1
359,-0.40055117789194583,0.012390224884989386,-0.47072241016576966,-0.47934163551176356,-0.3771449401344324,1.0,0.0,1.0,1
360,0.8130336674657798,-0.4264956867956464,-0.47072241016576966,-0.47934163551176356,-0.48994985459838486,1.0,0.0,1.0,1
361,-0.40055117789194583,0.035561009198830325,-0.47072241016576966,-0.47934163551176356,-0.38966106160338565,0.0,1.0,0.0,1
362,0.8130336674657798,-0.04144844013358247,-0.47072241016576966,2.048741656965093,-0.33390077768062426,0.0,0.0,0.0,1
363,0.8130336674657798,-0.4264956867956464,-0.47072241016576966,-0.47934163551176356,-0.44453944035187326,1.0,0.0,1.0,0
364,-1.6141360232496715,1.1907027491850222,0.3799231635348091,0.7847000107266648,2.54713515877186,0.0,0.0,1.0,1
365,-0.40055117789194583,0.18957990786365592,-0.47072241016576966,-0.47934163551176356,-0.3771449401344324,0.0,0.0,1.0,1
366,0.8130336674657798,-0.6575240347928848,-0.47072241016576966,-0.47934163551176356,-0.4748669654497216,1.0,0.0,1.0,0
367,-1.6141360232496715,0.4206082558608943,-0.47072241016576966,-0.47934163551176356,9.2377241678583,1.0,0.0,0.0,1
368,0.8130336674657798,0.012390224884989386,6.33444217943886,2.048741656965093,0.7117576276645045,0.0,0.0,1.0,0
369,0.8130336674657798,0.012390224884989386,1.2305687372353877,-0.47934163551176356,-0.17977533235478424,1.0,1.0,0.0,1
370,-1.6141360232496715,0.4976177051933071,-0.47072241016576966,0.7847000107266648,9.2377241678583,1.0,0.0,0.0,1
371,0.8130336674657798,0.8826649518553711,-0.47072241016576966,5.840866595680379,0.13673812402355398,0.0,0.0,1.0,0
372,0.8130336674657798,-0.5035051361280592,-0.47072241016576966,-0.47934163551176356,-0.48208780475873314,0.0,0.0,1.0,1
373,0.8130336674657798,0.3435988065284815,0.3799231635348091,0.7847000107266648,-0.3501871400474561,1.0,0.0,1.0,0
374,-0.40055117789194583,0.012390224884989386,-0.47072241016576966,-0.47934163551176356,0.007966489679515232,0.0,0.0,1.0,1
375,0.8130336674657798,0.012390224884989386,-0.47072241016576966,-0.47934163551176356,-0.16244531801315662,1.0,1.0,0.0,0
376,0.8130336674657798,-1.1195807307873615,-0.47072241016576966,-0.47934163551176356,-0.48834586549320974,0.0,0.0,0.0,1
377,0.8130336674657798,0.012390224884989386,-0.47072241016576966,-0.47934163551176356,-0.4724600190133844,1.0,0.0,1.0,0
378,0.8130336674657798,-0.8885523827901232,-0.47072241016576966,-0.47934163551176356,-0.47775530117332626,0.0,0.0,1.0,0
379,0.8130336674657798,0.035561009198830325,-0.47072241016576966,-0.47934163551176356,-0.4724600190133844,1.0,0.0,1.0,0
380,-0.40055117789194583,0.18957990786365592,1.2305687372353877,-0.47934163551176356,0.7878171350527592,1.0,0.0,1.0,0
381,0.8130336674657798,-1.9666846734439023,2.931859884636545,0.7847000107266648,-0.06664884984693713,1.0,1.0,0.0,0
382,0.8130336674657798,-2.1207035721087277,2.931859884636545,0.7847000107266648,-0.06664884984693713,1.0,1.0,0.0,0
383,0.8130336674657798,0.012390224884989386,-0.47072241016576966,-0.47934163551176356,-0.4724600190133844,1.0,0.0,1.0,0
384,0.8130336674657798,0.012390224884989386,1.2305687372353877,-0.47934163551176356,-0.21002198405237166,1.0,0.0,0.0,0
385,-1.6141360232496715,1.4217310971822605,-0.47072241016576966,-0.47934163551176356,-0.12818580521690778,0.0,0.0,1.0,1
386,0.8130336674657798,0.11257045853124312,-0.47072241016576966,-0.47934163551176356,-0.47823669046059364,1.0,1.0,0.0,0
387,-1.6141360232496715,1.3447216478498478,-0.47072241016576966,-0.47934163551176356,0.027622577057219145,1.0,0.0,1.0,0
388,0.8130336674657798,-0.2724767881308208,0.3799231635348091,-0.47934163551176356,-0.3174526685132705,0.0,0.0,1.0,0
389,0.8130336674657798,-1.5816374267818383,3.7825054583371243,2.048741656965093,0.2756189334002088,1.0,0.0,1.0,0
390,0.8130336674657798,-0.8115429334577104,-0.47072241016576966,-0.47934163551176356,-0.4724600190133844,1.0,0.0,1.0,1
391,0.8130336674657798,0.012390224884989386,-0.47072241016576966,-0.47934163551176356,-0.4724600190133844,1.0,0.0,1.0,0
392,0.8130336674657798,-0.5805145854604721,-0.47072241016576966,-0.47934163551176356,-0.44742777607547785,1.0,0.0,1.0,0
393,0.8130336674657798,0.012390224884989386,-0.47072241016576966,-0.47934163551176356,-0.48834586549320974,1.0,0.0,0.0,0
394,-0.40055117789194583,-0.11845788946599527,-0.47072241016576966,0.7847000107266648,0.007966489679515232,1.0,0.0,1.0,0
395,-0.40055117789194583,-0.4264956867956464,1.2305687372353877,3.312783303203522,-0.2664254040629225,0.0,0.0,1.0,1
396,0.8130336674657798,-0.965561832122536,-0.47072241016576966,-0.47934163551176356,-0.4606659814753323,1.0,0.0,1.0,0
397,0.8130336674657798,0.012390224884989386,0.3799231635348091,-0.47934163551176356,-0.3290060114076889,1.0,1.0,0.0,0
398,0.8130336674657798,0.012390224884989386,2.0812143109359664,0.7847000107266648,-0.13709150703135536,0.0,0.0,1.0,0
399,0.8130336674657798,-0.6575240347928848,-0.47072241016576966,-0.47934163551176356,-0.4724600190133844,1.0,0.0,1.0,0
400,-1.6141360232496715,1.652759445179499,-0.47072241016576966,-0.47934163551176356,-0.11623194643548287,1.0,0.0,1.0,1
401,0.8130336674657798,-2.0436941227763152,2.0812143109359664,0.7847000107266648,-0.22165620034705105,0.0,0.0,1.0,0
402,0.8130336674657798,-2.216965383774244,1.2305687372353877,0.7847000107266648,-0.25663779707420104,0.0,0.0,0.0,1
403,0.8130336674657798,0.012390224884989386,-0.47072241016576966,-0.47934163551176356,-0.4882649920929489,1.0,0.0,0.0,0
404,0.8130336674657798,0.3435988065284815,-0.47072241016576966,-0.47934163551176356,-0.4724600190133844,1.0,0.0,1.0,0
405,-0.40055117789194583,-0.8885523827901232,-0.47072241016576966,0.7847000107266648,-0.18458922522745858,0.0,0.0,1.0,1
406,-1.6141360232496715,1.1136932998526095,-0.47072241016576966,-0.47934163551176356,-0.09368752333417438,0.0,0.0,0.0,1
407,0.8130336674657798,0.012390224884989386,-0.47072241016576966,-0.47934163551176356,-0.3482615828983863,1.0,0.0,1.0,0
408,0.8130336674657798,0.012390224884989386,-0.47072241016576966,-0.47934163551176356,-0.44453944035187326,1.0,0.0,1.0,0
409,0.8130336674657798,0.5746271545257199,-0.47072241016576966,-0.47934163551176356,-0.4428545778464372,0.0,0.0,1.0,0
410,-0.40055117789194583,-0.6575240347928848,0.3799231635348091,-0.47934163551176356,-0.40602829737047846,1.0,0.0,1.0,0
411,-1.6141360232496715,0.4976177051933071,0.3799231635348091,-0.47934163551176356,0.89083444252799,1.0,0.0,1.0,0
412,0.8130336674657798,0.18957990786365592,-0.47072241016576966,-0.47934163551176356,-0.4748669654497216,1.0,0.0,1.0,1
413,0.8130336674657798,0.012390224884989386,0.3799231635348091,2.048741656965093,-0.17592421805664477,0.0,0.0,1.0,0
414,0.8130336674657798,-0.2724767881308208,-0.47072241016576966,-0.47934163551176356,-0.47775530117332626,1.0,0.0,1.0,0
415,-1.6141360232496715,3.88603347581947,-0.47072241016576966,-0.47934163551176356,-0.04980022479257691,1.0,0.0,1.0,1
416,0.8130336674657798,1.9993019671753565,-0.47072241016576966,-0.47934163551176356,-0.4724600190133844,1.0,0.0,1.0,0
417,-0.40055117789194583,2.3458444891712142,0.3799231635348091,0.7847000107266648,0.12349991862369952,1.0,0.0,1.0,0
418,0.8130336674657798,0.012390224884989386,-0.47072241016576966,-0.47934163551176356,-0.4785582585044883,1.0,1.0,0.0,0
419,0.8130336674657798,-0.8885523827901232,-0.47072241016576966,-0.47934163551176356,-0.47775530117332626,1.0,0.0,1.0,0
420,0.8130336674657798,-1.158085455453568,0.3799231635348091,-0.47934163551176356,-0.34914348807266027,0.0,0.0,0.0,0
421,-0.40055117789194583,-0.8115429334577104,-0.47072241016576966,-0.47934163551176356,-0.42528386886117586,1.0,0.0,1.0,1
422,-0.40055117789194583,-1.9666846734439023,1.2305687372353877,0.7847000107266648,0.12349991862369952,0.0,0.0,1.0,1
423,0.8130336674657798,0.2665893571960687,-0.47072241016576966,-0.47934163551176356,-0.4608258027187051,1.0,0.0,1.0,0
424,0.8130336674657798,-0.6575240347928848,-0.47072241016576966,-0.47934163551176356,-0.4785582585044883,1.0,1.0,0.0,0
425,0.8130336674657798,-1.5046279774494256,-0.47072241016576966,2.048741656965093,-0.16244531801315662,0.0,0.0,1.0,0
426,-0.40055117789194583,1.3447216478498478,-0.47072241016576966,-0.47934163551176356,-0.33863379715303765,1.0,0.0,1.0,0
427,0.8130336674657798,-2.1207035721087277,2.931859884636545,2.048741656965093,-0.02524937114193778,0.0,0.0,1.0,0
428,-0.40055117789194583,-0.04144844013358247,0.3799231635348091,-0.47934163551176356,-0.12682251075536644,0.0,0.0,1.0,1
429,-1.6141360232496715,-0.5805145854604721,0.3799231635348091,-0.47934163551176356,0.6549536917669472,0.0,0.0,1.0,1
430,0.8130336674657798,-0.11845788946599527,0.3799231635348091,-0.47934163551176356,-0.32226656138594484,1.0,0.0,1.0,0
431,-1.6141360232496715,0.012390224884989386,-0.47072241016576966,-0.47934163551176356,-0.05557689623978614,1.0,0.0,0.0,1
432,0.8130336674657798,-0.2724767881308208,-0.47072241016576966,-0.47934163551176356,-0.2657033201320213,1.0,0.0,0.0,1
433,0.8130336674657798,0.2665893571960687,-0.47072241016576966,-0.47934163551176356,-0.44453944035187326,1.0,0.0,1.0,0
434,-0.40055117789194583,-0.19546733879840805,-0.47072241016576966,-0.47934163551176356,-0.42528386886117586,0.0,0.0,1.0,1
435,0.8130336674657798,-0.19546733879840805,-0.47072241016576966,2.048741656965093,-0.41308931543611727,0.0,0.0,1.0,1
436,-0.40055117789194583,0.3435988065284815,-0.47072241016576966,-0.47934163551176356,-0.3771449401344324,1.0,0.0,1.0,0
437,0.8130336674657798,0.012390224884989386,-0.47072241016576966,-0.47934163551176356,-0.4882649920929489,1.0,0.0,0.0,1
438,-1.6141360232496715,0.035561009198830325,-0.47072241016576966,-0.47934163551176356,-0.09312526064664603,1.0,0.0,0.0,0
439,0.8130336674657798,0.035561009198830325,0.3799231635348091,-0.47934163551176356,-0.3174526685132705,1.0,0.0,1.0,0
440,-0.40055117789194583,0.012390224884989386,-0.47072241016576966,-0.47934163551176356,-0.38966106160338565,0.0,1.0,0.0,1
441,0.8130336674657798,0.012390224884989386,-0.47072241016576966,-0.47934163551176356,-0.47775530117332626,1.0,0.0,1.0,0
442,-1.6141360232496715,1.8067783438443246,1.2305687372353877,-0.47934163551176356,0.36379404637041024,0.0,0.0,1.0,1
443,0.8130336674657798,0.18957990786365592,-0.47072241016576966,-0.47934163551176356,-0.4748669654497216,1.0,0.0,1.0,0
444,-0.40055117789194583,1.7297688945119118,-0.47072241016576966,-0.47934163551176356,-0.3771449401344324,1.0,0.0,1.0,0
445,-1.6141360232496715,1.7297688945119118,0.3799231635348091,0.7847000107266648,0.9062388997205482,1.0,0.0,1.0,0
446,0.8130336674657798,0.7286460531905454,0.3799231635348091,5.840866595680379,-0.02524937114193778,0.0,0.0,1.0,0
447,-1.6141360232496715,-2.1207035721087277,0.3799231635348091,2.048741656965093,2.2907144899016902,0.0,0.0,1.0,0
448,0.8130336674657798,1.1136932998526095,-0.47072241016576966,-0.47934163551176356,-0.4748669654497216,1.0,0.0,1.0,1
449,-0.40055117789194583,1.652759445179499,-0.47072241016576966,-0.47934163551176356,-0.3862913365925137,1.0,0.0,1.0,0
450,-0.40055117789194583,0.7286460531905454,-0.47072241016576966,-0.47934163551176356,-0.12682251075536644,1.0,0.0,1.0,0
451,-1.6141360232496715,1.267712198517435,-0.47072241016576966,-0.47934163551176356,0.8975738925497343,1.0,0.0,0.0,0
452,-1.6141360232496715,-0.965561832122536,-0.47072241016576966,2.048741656965093,1.5076539407609466,1.0,0.0,0.0,1
453,0.8130336674657798,0.035561009198830325,-0.47072241016576966,-0.47934163551176356,-0.4724600190133844,1.0,0.0,1.0,0
454,0.8130336674657798,-1.5816374267818383,1.2305687372353877,2.048741656965093,0.03444290047922413,0.0,0.0,1.0,0
455,0.8130336674657798,-0.19546733879840805,-0.47072241016576966,-0.47934163551176356,-0.47735478528631975,1.0,0.0,1.0,1
456,0.8130336674657798,-0.6575240347928848,-0.47072241016576966,-0.47934163551176356,-0.4606659814753323,1.0,0.0,1.0,0
457,0.8130336674657798,0.012390224884989386,-0.47072241016576966,-0.47934163551176356,0.46039154631064283,1.0,0.0,1.0,0
458,0.8130336674657798,-0.2724767881308208,-0.47072241016576966,-0.47934163551176356,-0.47542922813724997,1.0,0.0,1.0,0
459,0.8130336674657798,-2.0436941227763152,0.3799231635348091,0.7847000107266648,-0.32130378281141003,1.0,0.0,1.0,1
460,-0.40055117789194583,1.4217310971822605,-0.47072241016576966,-0.47934163551176356,-0.3771449401344324,1.0,0.0,1.0,0
461,-1.6141360232496715,0.4976177051933071,-0.47072241016576966,-0.47934163551176356,1.9842293351557068,0.0,0.0,0.0,1
462,0.8130336674657798,0.012390224884989386,0.3799231635348091,-0.47934163551176356,-0.3290060114076889,0.0,1.0,0.0,1
463,-0.40055117789194583,0.2280846325298623,-0.47072241016576966,-0.47934163551176356,-0.3771449401344324,0.0,0.0,1.0,1
464,-1.6141360232496715,0.2665893571960687,-0.47072241016576966,-0.47934163551176356,1.0381395644318252,0.0,0.0,1.0,1
465,-0.40055117789194583,-0.5805145854604721,0.3799231635348091,2.048741656965093,0.1731638886125062,0.0,0.0,0.0,1
466,0.8130336674657798,-0.8115429334577104,-0.47072241016576966,-0.47934163551176356,-0.49749226195129104,1.0,1.0,0.0,0
467,0.8130336674657798,3.423976779824993,-0.47072241016576966,-0.47934163551176356,-0.47775530117332626,1.0,0.0,1.0,0
468,0.8130336674657798,0.9596744011877838,-0.47072241016576966,0.7847000107266648,-0.46563969559137947,1.0,0.0,1.0,0
469,-1.6141360232496715,0.8056555025229583,-0.47072241016576966,-0.47934163551176356,2.3275407703776487,0.0,0.0,1.0,1
470,0.8130336674657798,0.4206082558608943,0.3799231635348091,0.7847000107266648,-0.23754204682687638,0.0,0.0,1.0,1
471,0.8130336674657798,-0.4264956867956464,-0.47072241016576966,-0.47934163551176356,-0.4570555618208265,0.0,0.0,1.0,0
472,0.8130336674657798,0.7286460531905454,-0.47072241016576966,-0.47934163551176356,-0.4748669654497216,1.0,0.0,1.0,1
473,-0.40055117789194583,0.2280846325298623,0.3799231635348091,-0.47934163551176356,-0.04843693033103557,1.0,0.0,0.0,0
474,-0.40055117789194583,-2.1977130214411407,1.2305687372353877,0.7847000107266648,0.12349991862369952,1.0,0.0,1.0,1
475,0.8130336674657798,0.3435988065284815,-0.47072241016576966,-0.47934163551176356,-0.5023870282242263,1.0,0.0,1.0,0
476,-1.6141360232496715,2.653882286500865,0.3799231635348091,4.57682494944195,4.436747932539913,1.0,0.0,1.0,0
477,0.8130336674657798,-0.34948623746323365,-0.47072241016576966,-0.47934163551176356,-0.47775530117332626,0.0,0.0,1.0,0
478,0.8130336674657798,0.012390224884989386,-0.47072241016576966,-0.47934163551176356,-0.4724600190133844,0.0,0.0,1.0,0
479,0.8130336674657798,-2.1977130214411407,0.3799231635348091,2.048741656965093,-0.23128398609239975,1.0,0.0,1.0,1
480,0.8130336674657798,1.1907027491850222,-0.47072241016576966,-0.47934163551176356,-0.4931597583658841,1.0,0.0,1.0,0
481,-0.40055117789194583,0.11257045853124312,0.3799231635348091,0.7847000107266648,-0.1220086178826921,1.0,0.0,1.0,0
482,0.8130336674657798,-0.6575240347928848,0.3799231635348091,-0.47934163551176356,-0.4382813796173966,0.0,0.0,1.0,0
483,0.8130336674657798,-0.34948623746323365,-0.47072241016576966,-0.47934163551176356,-0.47542922813724997,1.0,0.0,1.0,0
484,-1.6141360232496715,-1.1195807307873615,-0.47072241016576966,0.7847000107266648,3.4419569704017596,0.0,0.0,1.0,1
485,0.8130336674657798,-0.2724767881308208,-0.47072241016576966,-0.47934163551176356,-0.4755890493806228,1.0,0.0,1.0,0
486,-0.40055117789194583,0.035561009198830325,-0.47072241016576966,-0.47934163551176356,-0.42528386886117586,1.0,0.0,1.0,0
487,-1.6141360232496715,-0.4264956867956464,-0.47072241016576966,-0.47934163551176356,0.7069437347918301,0.0,0.0,0.0,1
488,-0.40055117789194583,0.4206082558608943,-0.47072241016576966,-0.47934163551176356,-0.42528386886117586,1.0,0.0,1.0,0
489,-0.40055117789194583,3.1159389824953423,-0.47072241016576966,-0.47934163551176356,-0.42528386886117586,1.0,0.0,1.0,0
490,-1.6141360232496715,0.012390224884989386,-0.47072241016576966,-0.47934163551176356,-0.6274673695134984,1.0,0.0,1.0,0
491,0.8130336674657798,-0.6575240347928848,-0.47072241016576966,-0.47934163551176356,-0.3174526685132705,1.0,0.0,1.0,0
492,0.8130336674657798,-0.8885523827901232,-0.47072241016576966,0.7847000107266648,-0.44742777607547785,0.0,0.0,1.0,1
493,0.8130336674657798,0.012390224884989386,-0.47072241016576966,-0.47934163551176356,-0.47077515650794843,0.0,1.0,0.0,0
494,0.8130336674657798,-2.1977130214411407,3.7825054583371243,2.048741656965093,0.2756189334002088,1.0,0.0,1.0,0
495,0.8130336674657798,0.012390224884989386,6.33444217943886,2.048741656965093,0.7117576276645045,0.0,0.0,1.0,0
496,0.8130336674657798,-0.2724767881308208,-0.47072241016576966,-0.47934163551176356,0.46039154631064283,1.0,0.0,1.0,1
497,0.8130336674657798,-0.34948623746323365,0.3799231635348091,-0.47934163551176356,-0.47775530117332626,1.0,0.0,1.0,1
498,-0.40055117789194583,0.012390224884989386,-0.47072241016576966,-0.47934163551176356,-0.6274673695134984,1.0,0.0,1.0,0
499,0.8130336674657798,-0.7345334841252976,-0.47072241016576966,-0.47934163551176356,-0.44453944035187326,1.0,0.0,1.0,0
500,-1.6141360232496715,1.8837877931767373,0.3799231635348091,-0.47934163551176356,0.8796026676774664,0.0,0.0,0.0,1
501,0.8130336674657798,-0.5805145854604721,-0.47072241016576966,-0.47934163551176356,-0.4724600190133844,1.0,0.0,1.0,0
502,-0.40055117789194583,2.2688350398388013,-0.47072241016576966,-0.47934163551176356,-0.3675171543890837,1.0,0.0,1.0,0
503,-0.40055117789194583,1.8837877931767373,0.3799231635348091,3.312783303203522,-0.18458922522745858,0.0,0.0,1.0,1
504,-1.6141360232496715,-0.19546733879840805,-0.47072241016576966,-0.47934163551176356,-0.040172439047228226,1.0,0.0,1.0,1
505,-1.6141360232496715,0.11257045853124312,0.3799231635348091,-0.47934163551176356,0.3738223480027655,1.0,0.0,1.0,0
506,-1.6141360232496715,-0.5805145854604721,-0.47072241016576966,-0.47934163551176356,1.9842293351557068,1.0,0.0,0.0,0
507,-1.6141360232496715,0.2665893571960687,-0.47072241016576966,-0.47934163551176356,-0.5311895120600114,1.0,0.0,1.0,0
508,0.8130336674657798,-1.8126657747790766,-0.47072241016576966,0.7847000107266648,-0.3872541151670485,1.0,0.0,1.0,1
509,0.8130336674657798,-1.8896752241114896,2.931859884636545,2.048741656965093,-0.02308311934923431,0.0,0.0,1.0,1
510,-1.6141360232496715,0.7286460531905454,-0.47072241016576966,-0.47934163551176356,-0.6274673695134984,1.0,0.0,1.0,0
511,0.8130336674657798,-0.38799096212944006,-0.47072241016576966,-0.47934163551176356,-0.4724600190133844,1.0,0.0,1.0,0
512,-0.40055117789194583,1.8837877931767373,-0.47072241016576966,-0.47934163551176356,-0.35788936864373505,1.0,0.0,1.0,0
513,0.8130336674657798,0.012390224884989386,-0.47072241016576966,-0.47934163551176356,-0.48208780475873314,1.0,0.0,1.0,0
514,0.8130336674657798,0.012390224884989386,-0.47072241016576966,-0.47934163551176356,-0.47542922813724997,1.0,0.0,1.0,0
515,0.8130336674657798,0.035561009198830325,-0.47072241016576966,-0.47934163551176356,-0.4882649920929489,1.0,0.0,0.0,0
516,0.8130336674657798,0.012390224884989386,-0.47072241016576966,-0.47934163551176356,-0.47574887062399557,0.0,1.0,0.0,1
517,-1.6141360232496715,0.4206082558608943,-0.47072241016576966,-0.47934163551176356,9.2377241678583,0.0,0.0,0.0,1
518,-1.6141360232496715,-0.6575240347928848,-0.47072241016576966,-0.47934163551176356,0.8736642494297352,0.0,0.0,1.0,1
519,-1.6141360232496715,0.18957990786365592,-0.47072241016576966,-0.47934163551176356,-0.040172439047228226,1.0,0.0,0.0,1
520,0.8130336674657798,-1.0425712814549488,-0.47072241016576966,-0.47934163551176356,-0.44453944035187326,1.0,0.0,1.0,0
521,0.8130336674657798,-0.5805145854604721,-0.47072241016576966,-0.47934163551176356,-0.48786447620594237,0.0,0.0,1.0,1
522,0.8130336674657798,0.012390224884989386,-0.47072241016576966,-0.47934163551176356,-0.47542922813724997,1.0,0.0,1.0,0
523,-1.6141360232496715,0.6516366038581327,0.3799231635348091,-0.47934163551176356,1.105534064649266,1.0,0.0,1.0,1
524,0.8130336674657798,0.012390224884989386,6.33444217943886,2.048741656965093,0.7117576276645045,1.0,0.0,1.0,0
525,-0.40055117789194583,-0.34948623746323365,0.3799231635348091,-0.47934163551176356,-0.12682251075536644,1.0,0.0,1.0,0
526,-0.40055117789194583,0.2665893571960687,0.3799231635348091,2.048741656965093,-0.09312526064664603,0.0,0.0,1.0,1
527,0.8130336674657798,0.012390224884989386,0.3799231635348091,-0.47934163551176356,-0.3174526685132705,0.0,0.0,1.0,1
528,-1.6141360232496715,-0.8885523827901232,0.3799231635348091,-0.47934163551176356,1.4694643658234467,1.0,0.0,0.0,0
529,0.8130336674657798,0.012390224884989386,0.3799231635348091,-0.47934163551176356,-0.3174526685132705,1.0,0.0,1.0,0
530,0.8130336674657798,0.012390224884989386,-0.47072241016576966,-0.47934163551176356,-0.47542922813724997,1.0,0.0,1.0,0
531,0.8130336674657798,-2.1207035721087277,2.931859884636545,0.7847000107266648,0.13673812402355398,1.0,0.0,1.0,0
532,0.8130336674657798,-2.24237850205394,-0.47072241016576966,0.7847000107266648,-0.463473443798676,1.0,0.0,0.0,1
533,-0.40055117789194583,-0.2724767881308208,-0.47072241016576966,-0.47934163551176356,-0.42528386886117586,1.0,0.0,1.0,0
534,0.8130336674657798,0.8826649518553711,-0.47072241016576966,-0.47934163551176356,-0.4902714226422795,1.0,0.0,1.0,0
535,-1.6141360232496715,1.4217310971822605,0.3799231635348091,-0.47934163551176356,0.8499972265105193,1.0,0.0,0.0,1
536,-0.40055117789194583,1.4217310971822605,0.3799231635348091,2.048741656965093,0.6241447773818315,0.0,0.0,1.0,1
537,-1.6141360232496715,1.4217310971822605,0.3799231635348091,-0.47934163551176356,0.13505326151811797,0.0,0.0,0.0,1
538,0.8130336674657798,-1.9666846734439023,2.931859884636545,2.048741656965093,-0.02524937114193778,1.0,0.0,1.0,0
539,-1.6141360232496715,0.7286460531905454,0.3799231635348091,-0.47934163551176356,0.44891907681648524,0.0,0.0,1.0,1
540,0.8130336674657798,0.2665893571960687,2.0812143109359664,-0.47934163551176356,-0.32226656138594484,0.0,0.0,1.0,1
541,-0.40055117789194583,-0.04144844013358247,-0.47072241016576966,-0.47934163551176356,-0.42528386886117586,1.0,0.0,1.0,0
542,-1.6141360232496715,1.4987405465146735,0.3799231635348091,0.7847000107266648,1.5076539407609466,1.0,0.0,0.0,0
543,0.8130336674657798,0.012390224884989386,6.33444217943886,2.048741656965093,0.7117576276645045,1.0,0.0,1.0,0
544,0.8130336674657798,0.012390224884989386,-0.47072241016576966,-0.47934163551176356,-0.4882649920929489,1.0,0.0,0.0,0
545,-1.6141360232496715,0.9596744011877838,0.3799231635348091,-0.47934163551176356,0.3738223480027655,1.0,0.0,1.0,0
546,-1.6141360232496715,0.4976177051933071,-0.47072241016576966,2.048741656965093,0.7396782063260158,0.0,0.0,1.0,1
547,-1.6141360232496715,2.4228539385036267,-0.47072241016576966,-0.47934163551176356,0.01759427542486392,1.0,0.0,1.0,0
548,0.8130336674657798,-0.8885523827901232,-0.47072241016576966,-0.47934163551176356,-0.49749226195129104,0.0,1.0,0.0,0
549,0.8130336674657798,-0.8885523827901232,-0.47072241016576966,-0.47934163551176356,-0.483131456733529,0.0,0.0,1.0,1
550,-0.40055117789194583,-2.223126139720837,0.3799231635348091,0.7847000107266648,-0.3482615828983863,1.0,0.0,1.0,1
551,0.8130336674657798,0.18957990786365592,-0.47072241016576966,-0.47934163551176356,0.46039154631064283,1.0,0.0,1.0,1
552,0.8130336674657798,0.012390224884989386,-0.47072241016576966,-0.47934163551176356,-0.4724600190133844,1.0,0.0,1.0,0
553,0.8130336674657798,0.012390224884989386,-0.47072241016576966,-0.47934163551176356,-0.4724600190133844,1.0,0.0,1.0,0
554,0.8130336674657798,0.012390224884989386,0.3799231635348091,-0.47934163551176356,-0.34914348807266027,0.0,0.0,0.0,0
555,0.8130336674657798,-1.0425712814549488,-0.47072241016576966,-0.47934163551176356,-0.4724600190133844,1.0,0.0,1.0,0
556,-1.6141360232496715,0.11257045853124312,0.3799231635348091,-0.47934163551176356,0.4701002054562524,1.0,0.0,1.0,1
557,-1.6141360232496715,1.4217310971822605,-0.47072241016576966,-0.47934163551176356,-0.11623194643548287,1.0,0.0,1.0,1
558,0.8130336674657798,-0.5805145854604721,-0.47072241016576966,-0.47934163551176356,-0.48834586549320974,1.0,0.0,0.0,1
559,0.8130336674657798,-1.2735996294521872,-0.47072241016576966,-0.47934163551176356,-0.4882649920929489,0.0,0.0,0.0,1
560,0.8130336674657798,0.18957990786365592,0.3799231635348091,-0.47934163551176356,-0.32226656138594484,1.0,0.0,1.0,0
561,0.8130336674657798,-0.11845788946599527,1.2305687372353877,-0.47934163551176356,-0.4748669654497216,1.0,0.0,1.0,0
562,-0.40055117789194583,1.267712198517435,-0.47072241016576966,-0.47934163551176356,-0.12682251075536644,1.0,0.0,1.0,0
563,0.8130336674657798,-0.11845788946599527,-0.47072241016576966,-0.47934163551176356,-0.47735478528631975,1.0,0.0,1.0,0
564,-0.40055117789194583,0.9596744011877838,0.3799231635348091,-0.47934163551176356,-0.10756693926466906,1.0,0.0,1.0,0
565,0.8130336674657798,0.4206082558608943,-0.47072241016576966,-0.47934163551176356,-0.4724600190133844,1.0,0.0,1.0,0
566,0.8130336674657798,-2.1207035721087277,2.0812143109359664,2.048741656965093,-0.09023692492304144,0.0,0.0,1.0,0
567,0.8130336674657798,0.11257045853124312,-0.47072241016576966,-0.47934163551176356,-0.4602654655883258,0.0,0.0,1.0,1
568,0.8130336674657798,0.012390224884989386,0.3799231635348091,-0.47934163551176356,-0.3290060114076889,0.0,1.0,0.0,1
569,0.8130336674657798,0.012390224884989386,-0.47072241016576966,-0.47934163551176356,-0.47542922813724997,1.0,0.0,1.0,0
570,-0.40055117789194583,-0.8115429334577104,0.3799231635348091,-0.47934163551176356,-0.12682251075536644,0.0,0.0,1.0,1
571,0.8130336674657798,-0.7345334841252976,-0.47072241016576966,-0.47934163551176356,-0.4606659814753323,1.0,0.0,1.0,0
572,0.8130336674657798,-1.1965901801197745,3.7825054583371243,2.048741656965093,0.2756189334002088,1.0,0.0,1.0,0
573,-0.40055117789194583,0.3435988065284815,-0.47072241016576966,0.7847000107266648,-0.18458922522745858,0.0,0.0,1.0,1
574,0.8130336674657798,0.012390224884989386,-0.47072241016576966,-0.47934163551176356,-0.4784773851042274,0.0,1.0,0.0,1
575,0.8130336674657798,0.012390224884989386,-0.47072241016576966,-0.47934163551176356,-0.47823669046059364,0.0,1.0,0.0,1
576,0.8130336674657798,1.652759445179499,-0.47072241016576966,-0.47934163551176356,-0.47823669046059364,1.0,0.0,1.0,0
577,0.8130336674657798,0.012390224884989386,-0.47072241016576966,-0.47934163551176356,-0.4805627634966699,0.0,1.0,0.0,0
578,0.8130336674657798,0.012390224884989386,-0.47072241016576966,-0.47934163551176356,-0.47823669046059364,0.0,1.0,0.0,1
579,0.8130336674657798,0.012390224884989386,-0.47072241016576966,-0.47934163551176356,-0.47823669046059364,0.0,1.0,0.0,1
580,0.8130336674657798,-0.11845788946599527,-0.47072241016576966,-0.47934163551176356,-0.44453944035187326,1.0,0.0,1.0,0
581,-0.40055117789194583,-0.34948623746323365,-0.47072241016576966,-0.47934163551176356,-0.3771449401344324,1.0,0.0,1.0,0
582,-1.6141360232496715,-0.8115429334577104,2.0812143109359664,2.048741656965093,4.436747932539913,1.0,0.0,1.0,0
583,0.8130336674657798,0.4206082558608943,-0.47072241016576966,-0.47934163551176356,-0.47542922813724997,1.0,0.0,0.0,0
584,-1.6141360232496715,0.4206082558608943,0.3799231635348091,-0.47934163551176356,0.9798914606724655,0.0,0.0,1.0,1
585,0.8130336674657798,-1.5816374267818383,0.3799231635348091,0.7847000107266648,-0.32130378281141003,1.0,0.0,1.0,1
586,0.8130336674657798,-0.7345334841252976,-0.47072241016576966,-0.47934163551176356,-0.5502043889070751,1.0,0.0,0.0,0
587,-0.40055117789194583,0.9596744011877838,-0.47072241016576966,-0.47934163551176356,-0.3771449401344324,1.0,0.0,1.0,1
588,-0.40055117789194583,0.035561009198830325,-0.47072241016576966,-0.47934163551176356,-0.3771449401344324,1.0,0.0,1.0,0
589,-0.40055117789194583,0.012390224884989386,-0.47072241016576966,-0.47934163551176356,-0.6274673695134984,1.0,0.0,1.0,0
590,0.8130336674657798,-0.6575240347928848,-0.47072241016576966,-0.47934163551176356,-0.47735478528631975,1.0,0.0,1.0,1
591,0.8130336674657798,1.3447216478498478,-0.47072241016576966,-0.47934163551176356,-0.48786447620594237,1.0,0.0,1.0,0
592,-1.6141360232496715,-0.34948623746323365,0.3799231635348091,2.048741656965093,2.2907144899016902,0.0,0.0,1.0,0
593,0.8130336674657798,-1.0425712814549488,-0.47072241016576966,-0.47934163551176356,-0.4499945437551878,1.0,0.0,1.0,0
594,-1.6141360232496715,1.1907027491850222,0.3799231635348091,-0.47934163551176356,0.9798914606724655,1.0,0.0,1.0,0
595,0.8130336674657798,0.6516366038581327,-0.47072241016576966,-0.47934163551176356,-0.4606659814753323,1.0,0.0,1.0,0
596,-1.6141360232496715,2.037806691841563,-0.47072241016576966,-0.47934163551176356,0.056105418406258684,1.0,0.0,0.0,1
597,0.8130336674657798,0.012390224884989386,0.3799231635348091,0.7847000107266648,-0.1969455254530391,0.0,0.0,0.0,1
598,-1.6141360232496715,0.11257045853124312,-0.47072241016576966,-0.47934163551176356,0.34485811736645855,1.0,0.0,1.0,0
599,-1.6141360232496715,0.035561009198830325,-0.47072241016576966,-0.47934163551176356,1.172928564866707,0.0,0.0,1.0,1
600,-1.6141360232496715,0.012390224884989386,-0.47072241016576966,-0.47934163551176356,-0.09368752333417438,1.0,0.0,0.0,0
601,0.8130336674657798,-1.1965901801197745,-0.47072241016576966,-0.47934163551176356,-0.476230259911263,0.0,0.0,1.0,0
602,0.8130336674657798,-1.0425712814549488,-0.47072241016576966,-0.47934163551176356,-0.4785582585044883,0.0,1.0,0.0,1
603,0.8130336674657798,0.8056555025229583,0.3799231635348091,-0.47934163551176356,-0.44502082963914064,0.0,0.0,1.0,0
604,-1.6141360232496715,1.9607972425091502,-0.47072241016576966,-0.47934163551176356,-0.040172439047228226,1.0,0.0,1.0,0
605,0.8130336674657798,-0.8115429334577104,-0.47072241016576966,-0.47934163551176356,-0.47775530117332626,1.0,0.0,1.0,0
606,-1.6141360232496715,1.1907027491850222,-0.47072241016576966,-0.47934163551176356,-0.11623194643548287,1.0,0.0,1.0,1
607,-1.6141360232496715,0.4976177051933071,0.3799231635348091,2.048741656965093,1.6832012093701876,0.0,0.0,1.0,1
608,0.8130336674657798,-0.19546733879840805,-0.47072241016576966,-0.47934163551176356,-0.4748669654497216,0.0,0.0,1.0,1
609,-1.6141360232496715,1.4987405465146735,0.3799231635348091,-0.47934163551176356,0.8499972265105193,0.0,0.0,0.0,1
610,-1.6141360232496715,0.8826649518553711,-0.47072241016576966,-0.47934163551176356,1.9624069959852997,0.0,0.0,0.0,1
611,-1.6141360232496715,-0.8115429334577104,0.3799231635348091,-0.47934163551176356,0.39500347664253266,1.0,0.0,1.0,0
612,0.8130336674657798,0.2665893571960687,-0.47072241016576966,-0.47934163551176356,-0.47775530117332626,1.0,0.0,1.0,0
613,-1.6141360232496715,-0.19546733879840805,0.3799231635348091,-0.47934163551176356,0.39500347664253266,1.0,0.0,1.0,1
614,-1.6141360232496715,0.012390224884989386,-0.47072241016576966,-0.47934163551176356,-0.09368752333417438,1.0,0.0,0.0,0
615,-1.6141360232496715,0.4206082558608943,-0.47072241016576966,-0.47934163551176356,-0.12128653395179091,1.0,0.0,1.0,1
616,0.8130336674657798,-0.04144844013358247,0.3799231635348091,0.7847000107266648,-0.42600595279207704,0.0,0.0,1.0,0
617,-0.40055117789194583,0.035561009198830325,2.0812143109359664,-0.47934163551176356,-0.22310036820885334,0.0,0.0,1.0,1
618,0.8130336674657798,0.3435988065284815,-0.47072241016576966,-0.47934163551176356,-0.4724600190133844,1.0,0.0,1.0,0
619,0.8130336674657798,-0.04144844013358247,-0.47072241016576966,-0.47934163551176356,-0.47542922813724997,1.0,0.0,0.0,1
620,-1.6141360232496715,-0.8115429334577104,-0.47072241016576966,-0.47934163551176356,-0.04980022479257691,0.0,0.0,1.0,1
621,-1.6141360232496715,0.4206082558608943,-0.47072241016576966,-0.47934163551176356,1.9842293351557068,0.0,0.0,1.0,1
622,0.8130336674657798,0.012390224884989386,6.33444217943886,2.048741656965093,0.7117576276645045,1.0,0.0,1.0,0
623,-0.40055117789194583,0.8056555025229583,-0.47072241016576966,-0.47934163551176356,-0.3241921185350146,0.0,0.0,1.0,1
624,-1.6141360232496715,2.4998633878360397,-0.47072241016576966,-0.47934163551176356,-0.11623194643548287,1.0,0.0,1.0,0
625,0.8130336674657798,-0.34948623746323365,0.3799231635348091,-0.47934163551176356,-0.4748669654497216,0.0,0.0,1.0,0
626,0.8130336674657798,-0.2724767881308208,-0.47072241016576966,-0.47934163551176356,-0.4724600190133844,1.0,0.0,1.0,0
627,0.8130336674657798,-0.8885523827901232,-0.47072241016576966,0.7847000107266648,-0.34914348807266027,0.0,0.0,0.0,0
628,-0.40055117789194583,0.3435988065284815,0.3799231635348091,-0.47934163551176356,-0.22310036820885334,1.0,0.0,1.0,0
629,0.8130336674657798,1.4217310971822605,-0.47072241016576966,-0.47934163551176356,-0.476230259911263,1.0,0.0,1.0,0
630,0.8130336674657798,-0.11845788946599527,-0.47072241016576966,-0.47934163551176356,-0.47542922813724997,1.0,0.0,1.0,0
631,0.8130336674657798,-0.4264956867956464,1.2305687372353877,-0.47934163551176356,-0.16244531801315662,1.0,0.0,1.0,0
632,-0.40055117789194583,-0.965561832122536,-0.47072241016576966,-0.47934163551176356,-0.3964005116251298,0.0,0.0,0.0,1
633,-1.6141360232496715,0.6516366038581327,0.3799231635348091,-0.47934163551176356,0.7451333097293302,0.0,0.0,0.0,1
634,0.8130336674657798,0.012390224884989386,-0.47072241016576966,-0.47934163551176356,-0.4882649920929489,1.0,0.0,0.0,0
635,0.8130336674657798,0.8056555025229583,-0.47072241016576966,-0.47934163551176356,-0.47542922813724997,1.0,0.0,1.0,0
636,0.8130336674657798,-0.5805145854604721,-0.47072241016576966,-0.47934163551176356,-0.45416722609722193,1.0,0.0,1.0,0
637,0.8130336674657798,-2.1207035721087277,-0.47072241016576966,0.7847000107266648,-0.42600595279207704,0.0,0.0,1.0,0
638,-1.6141360232496715,-0.11845788946599527,0.3799231635348091,-0.47934163551176356,0.9547783443342981,1.0,0.0,0.0,0
639,0.8130336674657798,-0.8885523827901232,-0.47072241016576966,-0.47934163551176356,-0.47823669046059364,1.0,0.0,1.0,0
640,0.8130336674657798,-0.11845788946599527,-0.47072241016576966,-0.47934163551176356,-0.19373562168553987,1.0,0.0,1.0,0
641,-0.40055117789194583,-0.8115429334577104,-0.47072241016576966,-0.47934163551176356,-0.12682251075536644,0.0,0.0,1.0,1
642,0.8130336674657798,0.012390224884989386,-0.47072241016576966,-0.47934163551176356,-0.4724600190133844,1.0,0.0,1.0,0
643,-1.6141360232496715,2.3458444891712142,0.3799231635348091,-0.47934163551176356,0.8215143851614796,0.0,0.0,0.0,1
644,0.8130336674657798,-0.7345334841252976,-0.47072241016576966,-0.47934163551176356,-0.476230259911263,1.0,0.0,1.0,0
645,-1.6141360232496715,1.1907027491850222,-0.47072241016576966,-0.47934163551176356,0.056105418406258684,1.0,0.0,1.0,0
646,0.8130336674657798,0.012390224884989386,-0.47072241016576966,-0.47934163551176356,-0.4724600190133844,0.0,0.0,1.0,0
647,-0.40055117789194583,-0.4264956867956464,-0.47072241016576966,-0.47934163551176356,-0.3771449401344324,0.0,0.0,1.0,1
648,0.8130336674657798,0.012390224884989386,-0.47072241016576966,-0.47934163551176356,-0.47823669046059364,1.0,1.0,0.0,0
649,0.8130336674657798,0.012390224884989386,0.3799231635348091,-0.47934163551176356,-0.3290060114076889,0.0,1.0,0.0,1
650,0.8130336674657798,0.7286460531905454,0.3799231635348091,5.840866595680379,-0.02524937114193778,1.0,0.0,1.0,0
651,0.8130336674657798,-0.2724767881308208,-0.47072241016576966,-0.47934163551176356,-0.476230259911263,0.0,0.0,1.0,1
652,-0.40055117789194583,-0.4264956867956464,1.2305687372353877,0.7847000107266648,-0.10756693926466906,0.0,0.0,1.0,1
653,-0.40055117789194583,0.4976177051933071,-0.47072241016576966,-0.47934163551176356,-0.3771449401344324,0.0,0.0,1.0,1
654,-1.6141360232496715,0.5746271545257199,-0.47072241016576966,0.7847000107266648,-0.05557689623978614,1.0,0.0,0.0,0
655,-1.6141360232496715,0.012390224884989386,-0.47072241016576966,0.7847000107266648,0.4315890624748576,0.0,0.0,1.0,1
656,-0.40055117789194583,-0.11845788946599527,-0.47072241016576966,-0.47934163551176356,-0.42528386886117586,1.0,0.0,1.0,0
657,0.8130336674657798,-0.8115429334577104,-0.47072241016576966,-0.47934163551176356,-0.47542922813724997,1.0,0.0,1.0,0
658,0.8130336674657798,1.0366838505201967,-0.47072241016576966,-0.47934163551176356,-0.5032689333985003,1.0,0.0,1.0,0
659,-1.6141360232496715,-0.34948623746323365,0.3799231635348091,-0.47934163551176356,1.1263146774020265,1.0,0.0,0.0,1
660,0.8130336674657798,1.3447216478498478,-0.47072241016576966,-0.47934163551176356,-0.45416722609722193,1.0,0.0,1.0,0
661,-1.6141360232496715,-1.0425712814549488,-0.47072241016576966,-0.47934163551176356,1.0381395644318252,0.0,0.0,1.0,1
662,-0.40055117789194583,-2.210804627827651,0.3799231635348091,0.7847000107266648,-0.2664254040629225,1.0,0.0,1.0,1
663,0.8130336674657798,-0.5805145854604721,-0.47072241016576966,-0.47934163551176356,-0.4902714226422795,1.0,0.0,1.0,0
664,0.8130336674657798,-0.8115429334577104,-0.47072241016576966,-0.47934163551176356,-0.47542922813724997,1.0,0.0,1.0,0
665,-0.40055117789194583,-0.11845788946599527,-0.47072241016576966,-0.47934163551176356,-0.3675171543890837,1.0,0.0,1.0,0
666,0.8130336674657798,-1.1965901801197745,2.931859884636545,0.7847000107266648,0.13673812402355398,1.0,0.0,1.0,0
667,0.8130336674657798,0.4976177051933071,-0.47072241016576966,-0.47934163551176356,-0.47542922813724997,1.0,0.0,1.0,0
668,-1.6141360232496715,-0.04144844013358247,-0.47072241016576966,-0.47934163551176356,-0.04980022479257691,1.0,0.0,1.0,0
669,0.8130336674657798,0.9596744011877838,-0.47072241016576966,-0.47934163551176356,-0.4801622476096634,1.0,0.0,1.0,0
670,-1.6141360232496715,0.012390224884989386,-0.47072241016576966,-0.47934163551176356,0.3738223480027655,1.0,0.0,1.0,0
671,-1.6141360232496715,-0.19546733879840805,-0.47072241016576966,-0.47934163551176356,0.8499972265105193,1.0,0.0,0.0,1
672,0.8130336674657798,-0.04144844013358247,-0.47072241016576966,-0.47934163551176356,-0.47823669046059364,1.0,1.0,0.0,1
673,-0.40055117789194583,-1.8896752241114896,0.3799231635348091,2.048741656965093,-0.09312526064664603,0.0,0.0,1.0,1
674,0.8130336674657798,-0.5805145854604721,-0.47072241016576966,-0.47934163551176356,-0.4380406849737629,0.0,0.0,1.0,0
675,0.8130336674657798,0.012390224884989386,-0.47072241016576966,-0.47934163551176356,-0.47823669046059364,1.0,1.0,0.0,0
676,-0.40055117789194583,0.035561009198830325,-0.47072241016576966,-0.47934163551176356,-0.3771449401344324,0.0,0.0,1.0,1
677,-1.6141360232496715,2.4998633878360397,-0.47072241016576966,-0.47934163551176356,-0.11623194643548287,1.0,0.0,1.0,0
678,-0.40055117789194583,0.3435988065284815,-0.47072241016576966,-0.47934163551176356,-0.3771449401344324,1.0,0.0,1.0,1
679,0.8130336674657798,-0.11845788946599527,-0.47072241016576966,-0.47934163551176356,-0.47542922813724997,1.0,0.0,1.0,0
680,0.8130336674657798,0.012390224884989386,-0.47072241016576966,-0.47934163551176356,-0.47823669046059364,1.0,1.0,0.0,0
681,0.8130336674657798,1.1136932998526095,-0.47072241016576966,0.7847000107266648,-0.3174526685132705,1.0,0.0,1.0,0
682,0.8130336674657798,1.1907027491850222,-0.47072241016576966,-0.47934163551176356,-0.47823669046059364,0.0,0.0,1.0,0
683,-0.40055117789194583,-0.8115429334577104,-0.47072241016576966,-0.47934163551176356,-0.3771449401344324,1.0,0.0,1.0,0
684,-0.40055117789194583,-0.8885523827901232,-0.47072241016576966,-0.47934163551176356,0.7878171350527592,1.0,0.0,1.0,0
685,0.8130336674657798,0.11257045853124312,-0.47072241016576966,-0.47934163551176356,-0.47775530117332626,1.0,0.0,1.0,0
686,-0.40055117789194583,0.012390224884989386,-0.47072241016576966,-0.47934163551176356,-0.6274673695134984,1.0,0.0,1.0,0
687,0.8130336674657798,-0.6575240347928848,-0.47072241016576966,-0.47934163551176356,-0.48786447620594237,1.0,0.0,1.0,0
688,-0.40055117789194583,-0.34948623746323365,-0.47072241016576966,-0.47934163551176356,-0.3771449401344324,1.0,0.0,1.0,0
689,0.8130336674657798,0.18957990786365592,-0.47072241016576966,-0.47934163551176356,-0.4664426529225415,1.0,0.0,1.0,0
690,-0.40055117789194583,0.035561009198830325,0.3799231635348091,-0.47934163551176356,-0.1653336537367612,1.0,0.0,0.0,0
691,0.8130336674657798,0.8056555025229583,-0.47072241016576966,-0.47934163551176356,-0.48834586549320974,1.0,0.0,0.0,0
692,0.8130336674657798,0.2665893571960687,-0.47072241016576966,-0.47934163551176356,-0.47542922813724997,1.0,0.0,0.0,0
693,0.8130336674657798,0.4976177051933071,-0.47072241016576966,-0.47934163551176356,-0.483131456733529,1.0,0.0,1.0,0
694,-1.6141360232496715,1.3447216478498478,0.3799231635348091,0.7847000107266648,0.38449378572291,0.0,0.0,1.0,1
695,-0.40055117789194583,0.3435988065284815,0.3799231635348091,-0.47934163551176356,-0.12682251075536644,1.0,0.0,1.0,0
696,0.8130336674657798,-0.8115429334577104,-0.47072241016576966,-0.47934163551176356,-0.4724600190133844,1.0,0.0,1.0,0
697,0.8130336674657798,0.012390224884989386,-0.47072241016576966,-0.47934163551176356,-0.4724600190133844,1.0,0.0,1.0,0
698,-0.40055117789194583,1.5757499958470862,-0.47072241016576966,-0.47934163551176356,-0.42528386886117586,0.0,0.0,1.0,1
699,0.8130336674657798,0.012390224884989386,1.2305687372353877,-0.47934163551176356,-0.17977533235478424,0.0,1.0,0.0,1
700,0.8130336674657798,0.012390224884989386,0.3799231635348091,-0.47934163551176356,-0.47823669046059364,1.0,1.0,0.0,0
701,-0.40055117789194583,0.012390224884989386,-0.47072241016576966,-0.47934163551176356,-0.6274673695134984,1.0,0.0,1.0,0
702,0.8130336674657798,0.012390224884989386,-0.47072241016576966,-0.47934163551176356,-0.4724600190133844,1.0,0.0,1.0,0
703,0.8130336674657798,0.4206082558608943,-0.47072241016576966,-0.47934163551176356,-0.4724600190133844,1.0,0.0,1.0,0
704,-0.40055117789194583,0.4206082558608943,-0.47072241016576966,-0.47934163551176356,-0.12682251075536644,1.0,0.0,1.0,0
705,-1.6141360232496715,-0.8885523827901232,0.3799231635348091,-0.47934163551176356,3.7536565339074235,0.0,0.0,0.0,1
706,0.8130336674657798,-1.0425712814549488,3.7825054583371243,2.048741656965093,0.2756189334002088,0.0,0.0,1.0,0
707,0.8130336674657798,-0.6575240347928848,-0.47072241016576966,-0.47934163551176356,-0.4801622476096634,0.0,0.0,1.0,1
708,-1.6141360232496715,0.012390224884989386,-0.47072241016576966,-0.47934163551176356,-0.030544653301879533,1.0,0.0,1.0,0
709,0.8130336674657798,0.8826649518553711,1.2305687372353877,-0.47934163551176356,-0.3558039902512925,1.0,0.0,1.0,0
710,-1.6141360232496715,-1.1965901801197745,0.3799231635348091,2.048741656965093,1.6832012093701876,0.0,0.0,1.0,1
711,-1.6141360232496715,-0.6575240347928848,-0.47072241016576966,0.7847000107266648,0.8607476120737754,1.0,0.0,1.0,0
